freq_hz,target_mvrms,measured_mvrms,error_mvrms,amp_code,atten_db,iterations,pass_fail,reason
110000000,10.0,9.9895,-0.010500000000000398,1023,28.5,4,PASS,within tolerance
110000000,20.0,19.9089,-0.09110000000000085,1023,23.5,3,PASS,within tolerance
110000000,30.0,29.4909,-0.5091000000000001,1023,20.0,4,PASS,within tolerance
110000000,40.0,40.8716,0.8716000000000008,1023,17.5,5,PASS,within tolerance
110000000,50.0,50.1418,0.14180000000000348,1023,15.5,3,PASS,within tolerance
110000000,60.0,59.5714,-0.428600000000003,1023,14.0,3,PASS,within tolerance
110000000,70.0,70.63419999999999,0.6341999999999928,1023,12.5,3,PASS,within tolerance
110000000,80.0,80.2945,0.2944999999999993,1023,11.5,3,PASS,within tolerance
110000000,90.0,89.7195,-0.2805000000000035,1023,10.5,3,PASS,within tolerance
110000000,100.0,99.3823,-0.6176999999999992,997,9.5,5,PASS,within tolerance
110100000,10.0,9.1082,-0.8917999999999999,1023,30.0,2,PASS,within tolerance
110100000,20.0,20.555899999999998,0.5558999999999976,1023,23.5,1,PASS,within tolerance
110100000,30.0,30.6811,0.6811000000000007,1023,20.0,1,PASS,within tolerance
110100000,40.0,38.8772,-1.122799999999998,1023,18.0,8,FAIL,under target at max amp and min attenuation
110100000,50.0,50.7963,0.7963000000000022,1023,15.5,1,PASS,within tolerance
110100000,60.0,59.5125,-0.48749999999999716,1023,14.0,1,PASS,within tolerance
110100000,70.0,70.9512,0.9512,1008,12.5,4,PASS,within tolerance
110100000,80.0,79.5691,-0.43089999999999407,1003,11.5,2,PASS,within tolerance
110100000,90.0,90.3051,0.30509999999999593,1023,10.5,1,PASS,within tolerance
110100000,100.0,100.3532,0.35320000000000107,997,9.5,1,PASS,within tolerance
110200000,10.0,9.4477,-0.5523000000000007,1023,30.0,1,PASS,within tolerance
110200000,20.0,19.9282,-0.07179999999999964,1023,23.5,1,PASS,within tolerance
110200000,30.0,30.4502,0.4501999999999988,1023,20.0,1,PASS,within tolerance
110200000,40.0,39.3607,-0.6392999999999986,1023,18.0,6,PASS,within tolerance
110200000,50.0,50.2154,0.21540000000000248,1023,15.5,1,PASS,within tolerance
110200000,60.0,59.7525,-0.24750000000000227,1006,14.0,2,PASS,within tolerance
110200000,70.0,69.6862,-0.3138000000000005,992,12.5,2,PASS,within tolerance
110200000,80.0,80.3215,0.32150000000000034,1003,11.5,1,PASS,within tolerance
110200000,90.0,90.9948,0.9947999999999979,1023,10.5,1,PASS,within tolerance
110200000,100.0,99.67429999999999,-0.32570000000001187,980,9.5,2,PASS,within tolerance
110300000,10.0,9.947700000000001,-0.0522999999999989,1023,29.5,3,PASS,within tolerance
110300000,20.0,20.2119,0.21189999999999998,1023,23.5,1,PASS,within tolerance
110300000,30.0,30.12,0.120000000000001,1023,20.0,1,PASS,within tolerance
110300000,40.0,38.951699999999995,-1.0483000000000047,1023,18.0,1,FAIL,under target at max amp and min attenuation
110300000,50.0,49.0088,-0.9911999999999992,1000,15.5,2,PASS,within tolerance
110300000,60.0,59.8915,-0.10849999999999937,1006,14.0,1,PASS,within tolerance
110300000,70.0,70.1493,0.14929999999999666,992,12.5,1,PASS,within tolerance
110300000,80.0,80.6925,0.6924999999999955,1003,11.5,1,PASS,within tolerance
110300000,90.0,89.5425,-0.457499999999996,997,10.5,2,PASS,within tolerance
110300000,100.0,99.8304,-0.16960000000000264,980,9.5,1,PASS,within tolerance
110400000,10.0,10.7124,0.7124000000000006,1023,29.5,1,PASS,within tolerance
110400000,20.0,20.372700000000002,0.3727000000000018,1023,23.5,1,PASS,within tolerance
110400000,30.0,30.8587,0.8586999999999989,1023,20.0,1,PASS,within tolerance
110400000,40.0,39.5063,-0.4936999999999969,1023,18.0,3,PASS,within tolerance
110400000,50.0,49.9881,-0.011899999999997135,1000,15.5,1,PASS,within tolerance
110400000,60.0,59.5683,-0.4316999999999993,988,14.0,2,PASS,within tolerance
110400000,70.0,70.3883,0.388300000000001,992,12.5,1,PASS,within tolerance
110400000,80.0,80.5497,0.5497000000000014,1003,11.5,1,PASS,within tolerance
110400000,90.0,89.6067,-0.39329999999999643,997,10.5,1,PASS,within tolerance
110400000,100.0,100.87509999999999,0.8750999999999891,980,9.5,1,PASS,within tolerance
110500000,10.0,10.9647,0.9647000000000006,1023,29.5,1,PASS,within tolerance
110500000,20.0,20.4075,0.40749999999999886,1023,23.5,1,PASS,within tolerance
110500000,30.0,29.4725,-0.5274999999999999,1023,20.5,2,PASS,within tolerance
110500000,40.0,39.3082,-0.6918000000000006,1023,18.0,1,PASS,within tolerance
110500000,50.0,50.5471,0.5471000000000004,1000,15.5,1,PASS,within tolerance
110500000,60.0,59.107,-0.8930000000000007,988,14.0,1,PASS,within tolerance
110500000,70.0,70.3053,0.30530000000000257,970,12.5,4,PASS,within tolerance
110500000,80.0,79.6815,-0.3185000000000002,982,11.5,2,PASS,within tolerance
110500000,90.0,90.79260000000001,0.7926000000000073,985,10.5,2,PASS,within tolerance
110500000,100.0,100.3984,0.3983999999999952,968,9.5,2,PASS,within tolerance
110600000,10.0,10.846,0.8460000000000001,1023,29.5,1,PASS,within tolerance
110600000,20.0,20.299999999999997,0.29999999999999716,1023,23.5,1,PASS,within tolerance
110600000,30.0,29.1054,-0.8946000000000005,1023,20.5,1,PASS,within tolerance
110600000,40.0,38.8751,-1.1248999999999967,1023,18.0,1,FAIL,under target at max amp and min attenuation
110600000,50.0,50.420899999999996,0.42089999999999606,1000,15.5,1,PASS,within tolerance
110600000,60.0,60.0745,0.07450000000000045,988,14.0,1,PASS,within tolerance
110600000,70.0,69.547,-0.45300000000000296,952,12.5,2,PASS,within tolerance
110600000,80.0,80.30199999999999,0.3019999999999925,982,11.5,1,PASS,within tolerance
110600000,90.0,90.3412,0.3412000000000006,985,10.5,1,PASS,within tolerance
110600000,100.0,100.928,0.9279999999999973,968,9.5,1,PASS,within tolerance
110700000,10.0,10.2151,0.21509999999999962,1023,29.5,1,PASS,within tolerance
110700000,20.0,20.9202,0.9202000000000012,1023,23.5,1,PASS,within tolerance
110700000,30.0,29.186500000000002,-0.8134999999999977,1023,20.5,1,PASS,within tolerance
110700000,40.0,39.4837,-0.5163000000000011,1023,18.0,1,PASS,within tolerance
110700000,50.0,49.6537,-0.3462999999999994,973,16.0,5,PASS,within tolerance
110700000,60.0,59.3057,-0.6942999999999984,988,14.0,1,PASS,within tolerance
110700000,70.0,70.0588,0.05880000000000507,952,12.5,1,PASS,within tolerance
110700000,80.0,79.85979999999999,-0.1402000000000072,968,11.5,2,PASS,within tolerance
110700000,90.0,90.0166,0.01659999999999684,985,10.5,1,PASS,within tolerance
110700000,100.0,99.5395,-0.46049999999999613,953,9.5,2,PASS,within tolerance
110800000,10.0,9.7723,-0.22770000000000046,1023,29.5,1,PASS,within tolerance
110800000,20.0,20.5793,0.5792999999999999,1023,23.5,1,PASS,within tolerance
110800000,30.0,29.101499999999998,-0.8985000000000021,1023,20.5,1,PASS,within tolerance
110800000,40.0,40.3889,0.3888999999999996,1023,18.0,1,PASS,within tolerance
110800000,50.0,49.4972,-0.5028000000000006,973,16.0,1,PASS,within tolerance
110800000,60.0,59.4206,-0.5793999999999997,988,14.0,1,PASS,within tolerance
110800000,70.0,70.4825,0.4825000000000017,952,12.5,1,PASS,within tolerance
110800000,80.0,80.1334,0.13339999999999463,968,11.5,1,PASS,within tolerance
110800000,90.0,89.884,-0.11599999999999966,970,10.5,2,PASS,within tolerance
110800000,100.0,100.0814,0.08140000000000214,953,9.5,1,PASS,within tolerance
110900000,10.0,9.6416,-0.3583999999999996,1023,29.5,1,PASS,within tolerance
110900000,20.0,20.6093,0.6093000000000011,1023,24.0,2,PASS,within tolerance
110900000,30.0,30.5643,0.5642999999999994,1023,20.5,1,PASS,within tolerance
110900000,40.0,40.211999999999996,0.2119999999999962,1023,18.0,1,PASS,within tolerance
110900000,50.0,49.4041,-0.5959000000000003,973,16.0,1,PASS,within tolerance
110900000,60.0,60.1066,0.10660000000000025,988,14.0,1,PASS,within tolerance
110900000,70.0,69.7708,-0.22920000000000584,952,12.5,1,PASS,within tolerance
110900000,80.0,79.6537,-0.3462999999999994,968,11.5,1,PASS,within tolerance
110900000,90.0,90.63980000000001,0.6398000000000081,970,10.5,1,PASS,within tolerance
110900000,100.0,100.15,0.15000000000000568,953,9.5,1,PASS,within tolerance
111000000,10.0,10.3344,0.3344000000000005,1023,29.5,1,PASS,within tolerance
111000000,20.0,20.517400000000002,0.5174000000000021,1023,24.0,1,PASS,within tolerance
111000000,30.0,29.831699999999998,-0.16830000000000211,1023,20.5,1,PASS,within tolerance
111000000,40.0,40.2656,0.26559999999999917,1023,18.0,1,PASS,within tolerance
111000000,50.0,50.526,0.5260000000000034,973,16.0,1,PASS,within tolerance
111000000,60.0,60.0737,0.07370000000000232,967,14.0,2,PASS,within tolerance
111000000,70.0,70.9499,0.9498999999999995,952,12.5,1,PASS,within tolerance
111000000,80.0,80.7388,0.7387999999999977,968,11.5,1,PASS,within tolerance
111000000,90.0,89.9303,-0.06969999999999743,970,10.5,1,PASS,within tolerance
111000000,100.0,99.915,-0.08499999999999375,939,9.5,2,PASS,within tolerance
111100000,10.0,9.4422,-0.5578000000000003,1023,29.5,1,PASS,within tolerance
111100000,20.0,20.975,0.9750000000000014,1023,24.0,1,PASS,within tolerance
111100000,30.0,29.9866,-0.013400000000000745,1023,20.5,3,PASS,within tolerance
111100000,40.0,39.300000000000004,-0.6999999999999957,1023,18.5,6,PASS,within tolerance
111100000,50.0,50.7427,0.7426999999999992,973,16.0,1,PASS,within tolerance
111100000,60.0,60.672200000000004,0.6722000000000037,967,14.0,1,PASS,within tolerance
111100000,70.0,70.25399999999999,0.2539999999999907,934,12.5,2,PASS,within tolerance
111100000,80.0,79.3065,-0.6935000000000002,949,11.5,2,PASS,within tolerance
111100000,90.0,89.9195,-0.08050000000000068,958,10.5,2,PASS,within tolerance
111100000,100.0,99.2809,-0.7190999999999974,929,9.5,2,PASS,within tolerance
111200000,10.0,9.8096,-0.19040000000000035,1023,29.5,1,PASS,within tolerance
111200000,20.0,20.084,0.08399999999999963,1023,24.0,1,PASS,within tolerance
111200000,30.0,30.349899999999998,0.3498999999999981,1023,20.5,1,PASS,within tolerance
111200000,40.0,39.103100000000005,-0.8968999999999951,1023,18.5,1,PASS,within tolerance
111200000,50.0,50.5668,0.5668000000000006,973,16.0,1,PASS,within tolerance
111200000,60.0,60.4126,0.41259999999999764,960,14.0,3,PASS,within tolerance
111200000,70.0,70.361,0.3610000000000042,934,12.5,1,PASS,within tolerance
111200000,80.0,80.2264,0.22639999999999816,949,11.5,1,PASS,within tolerance
111200000,90.0,90.9171,0.9171000000000049,958,10.5,1,PASS,within tolerance
111200000,100.0,100.0838,0.08379999999999654,929,9.5,1,PASS,within tolerance
111300000,10.0,10.1899,0.18989999999999974,1023,29.5,1,PASS,within tolerance
111300000,20.0,19.162,-0.838000000000001,1023,24.5,2,PASS,within tolerance
111300000,30.0,30.9499,0.9498999999999995,1023,20.5,1,PASS,within tolerance
111300000,40.0,38.7203,-1.2796999999999983,1023,18.5,8,FAIL,max iterations
111300000,50.0,49.734300000000005,-0.2656999999999954,1001,16.5,3,PASS,within tolerance
111300000,60.0,60.357800000000005,0.35780000000000456,960,14.0,1,PASS,within tolerance
111300000,70.0,70.2934,0.29340000000000543,934,12.5,1,PASS,within tolerance
111300000,80.0,80.3982,0.3982000000000028,949,11.5,1,PASS,within tolerance
111300000,90.0,90.301,0.30100000000000193,958,10.5,1,PASS,within tolerance
111300000,100.0,100.0244,0.024399999999999977,929,9.5,1,PASS,within tolerance
111400000,10.0,10.625300000000001,0.6253000000000011,1023,29.5,1,PASS,within tolerance
111400000,20.0,20.0385,0.03849999999999909,1023,24.5,1,PASS,within tolerance
111400000,30.0,29.6153,-0.3846999999999987,1023,21.0,2,PASS,within tolerance
111400000,40.0,39.821299999999994,-0.1787000000000063,1023,18.5,1,PASS,within tolerance
111400000,50.0,49.5788,-0.4211999999999989,1001,16.5,1,PASS,within tolerance
111400000,60.0,60.9958,0.9958000000000027,960,14.0,1,PASS,within tolerance
111400000,70.0,70.43199999999999,0.43199999999998795,934,12.5,1,PASS,within tolerance
111400000,80.0,79.62519999999999,-0.37480000000000757,933,11.5,2,PASS,within tolerance
111400000,90.0,90.3015,0.3015000000000043,948,10.5,4,PASS,within tolerance
111400000,100.0,100.7638,0.7638000000000034,929,9.5,1,PASS,within tolerance
111500000,10.0,9.0253,-0.9747000000000003,1023,29.5,1,PASS,within tolerance
111500000,20.0,19.502100000000002,-0.4978999999999978,1023,24.5,1,PASS,within tolerance
111500000,30.0,29.5522,-0.44780000000000086,1023,21.0,1,PASS,within tolerance
111500000,40.0,39.0945,-0.9055000000000035,1023,18.5,3,PASS,within tolerance
111500000,50.0,49.139700000000005,-0.8602999999999952,1001,16.5,1,PASS,within tolerance
111500000,60.0,59.2418,-0.7582000000000022,937,14.0,2,PASS,within tolerance
111500000,70.0,69.8233,-0.17669999999999675,920,12.5,2,PASS,within tolerance
111500000,80.0,79.2175,-0.7824999999999989,933,11.5,1,PASS,within tolerance
111500000,90.0,90.8439,0.843900000000005,948,10.5,1,PASS,within tolerance
111500000,100.0,100.1492,0.14919999999999334,916,9.5,2,PASS,within tolerance
111600000,10.0,10.597199999999999,0.5971999999999991,1023,29.5,1,PASS,within tolerance
111600000,20.0,20.5745,0.5745000000000005,1023,24.5,1,PASS,within tolerance
111600000,30.0,29.7306,-0.26940000000000097,1023,21.0,1,PASS,within tolerance
111600000,40.0,39.4224,-0.5775999999999968,1023,18.5,1,PASS,within tolerance
111600000,50.0,50.3881,0.38810000000000144,1001,16.5,1,PASS,within tolerance
111600000,60.0,60.110299999999995,0.11029999999999518,937,14.0,1,PASS,within tolerance
111600000,70.0,70.00670000000001,0.006700000000009254,920,12.5,1,PASS,within tolerance
111600000,80.0,80.8779,0.8778999999999968,933,11.5,1,PASS,within tolerance
111600000,90.0,89.71300000000001,-0.28699999999999193,929,10.5,2,PASS,within tolerance
111600000,100.0,99.9158,-0.08419999999999561,916,9.5,1,PASS,within tolerance
111700000,10.0,10.344000000000001,0.3440000000000012,1023,29.5,1,PASS,within tolerance
111700000,20.0,19.9302,-0.06980000000000075,1023,24.5,1,PASS,within tolerance
111700000,30.0,30.2442,0.2441999999999993,1023,21.0,1,PASS,within tolerance
111700000,40.0,40.580999999999996,0.580999999999996,1023,18.5,1,PASS,within tolerance
111700000,50.0,50.675900000000006,0.6759000000000057,1001,16.5,1,PASS,within tolerance
111700000,60.0,60.716699999999996,0.7166999999999959,937,14.0,1,PASS,within tolerance
111700000,70.0,70.6097,0.6097000000000037,920,12.5,1,PASS,within tolerance
111700000,80.0,79.2345,-0.765500000000003,914,11.5,2,PASS,within tolerance
111700000,90.0,90.15610000000001,0.15610000000000923,929,10.5,1,PASS,within tolerance
111700000,100.0,100.22680000000001,0.22680000000001144,904,9.5,2,PASS,within tolerance
111800000,10.0,10.5097,0.5097000000000005,1023,29.5,1,PASS,within tolerance
111800000,20.0,20.748099999999997,0.7480999999999973,1023,24.5,1,PASS,within tolerance
111800000,30.0,29.2039,-0.7960999999999991,1023,21.0,1,PASS,within tolerance
111800000,40.0,40.4392,0.4391999999999996,1023,18.5,1,PASS,within tolerance
111800000,50.0,50.5458,0.5457999999999998,1001,16.5,1,PASS,within tolerance
111800000,60.0,60.7232,0.7231999999999985,937,14.0,1,PASS,within tolerance
111800000,70.0,70.98169999999999,0.9816999999999894,920,12.5,1,PASS,within tolerance
111800000,80.0,80.5853,0.5853000000000037,930,11.5,2,PASS,within tolerance
111800000,90.0,89.6424,-0.357600000000005,929,10.5,1,PASS,within tolerance
111800000,100.0,99.3835,-0.616500000000002,904,9.5,1,PASS,within tolerance
111900000,10.0,10.091299999999999,0.0912999999999986,1023,29.5,1,PASS,within tolerance
111900000,20.0,20.441000000000003,0.4410000000000025,1023,24.5,1,PASS,within tolerance
111900000,30.0,30.2674,0.2673999999999985,1023,21.0,1,PASS,within tolerance
111900000,40.0,40.3678,0.36780000000000257,1023,18.5,1,PASS,within tolerance
111900000,50.0,50.9741,0.9741,1001,16.5,1,PASS,within tolerance
111900000,60.0,60.9981,0.9981000000000009,937,14.0,1,PASS,within tolerance
111900000,70.0,69.632,-0.367999999999995,899,12.5,4,PASS,within tolerance
111900000,80.0,80.7813,0.7813000000000017,924,11.5,3,PASS,within tolerance
111900000,90.0,90.5527,0.5527000000000015,913,10.5,4,PASS,within tolerance
111900000,100.0,100.23010000000001,0.2301000000000073,904,9.5,1,PASS,within tolerance
112000000,10.0,10.5591,0.5591000000000008,1023,29.5,1,PASS,within tolerance
112000000,20.0,20.372899999999998,0.3728999999999978,1023,24.5,1,PASS,within tolerance
112000000,30.0,29.047900000000002,-0.952099999999998,1023,21.0,1,PASS,within tolerance
112000000,40.0,40.3778,0.3778000000000006,1023,18.5,1,PASS,within tolerance
112000000,50.0,50.1605,0.16049999999999898,979,16.5,2,PASS,within tolerance
112000000,60.0,59.094500000000004,-0.9054999999999964,917,14.0,2,PASS,within tolerance
112000000,70.0,70.2738,0.27379999999999427,899,12.5,1,PASS,within tolerance
112000000,80.0,80.79310000000001,0.7931000000000097,924,11.5,1,PASS,within tolerance
112000000,90.0,90.1178,0.11780000000000257,913,10.5,1,PASS,within tolerance
112000000,100.0,99.208,-0.7920000000000016,890,9.5,2,PASS,within tolerance
112100000,10.0,10.5434,0.5434000000000001,1023,29.5,1,PASS,within tolerance
112100000,20.0,20.0614,0.06139999999999901,1023,24.5,1,PASS,within tolerance
112100000,30.0,29.4541,-0.5458999999999996,1023,21.0,1,PASS,within tolerance
112100000,40.0,40.1984,0.19839999999999947,1023,18.5,3,PASS,within tolerance
112100000,50.0,50.7698,0.7697999999999965,979,16.5,1,PASS,within tolerance
112100000,60.0,60.3186,0.31860000000000355,917,14.0,1,PASS,within tolerance
112100000,70.0,70.679,0.679000000000002,903,12.5,3,PASS,within tolerance
112100000,80.0,80.24770000000001,0.2477000000000089,907,11.5,2,PASS,within tolerance
112100000,90.0,90.0762,0.07620000000000005,913,10.5,1,PASS,within tolerance
112100000,100.0,99.92370000000001,-0.07629999999998915,890,9.5,1,PASS,within tolerance
112200000,10.0,10.6485,0.6485000000000003,1023,29.5,1,PASS,within tolerance
112200000,20.0,20.0027,0.002700000000000813,1023,24.5,1,PASS,within tolerance
112200000,30.0,30.5537,0.5536999999999992,1023,21.0,1,PASS,within tolerance
112200000,40.0,40.8578,0.8577999999999975,1023,18.5,1,PASS,within tolerance
112200000,50.0,50.3636,0.36359999999999815,979,16.5,1,PASS,within tolerance
112200000,60.0,60.538799999999995,0.5387999999999948,917,14.0,1,PASS,within tolerance
112200000,70.0,69.28819999999999,-0.7118000000000109,888,12.5,2,PASS,within tolerance
112200000,80.0,80.82849999999999,0.8284999999999911,906,11.5,3,PASS,within tolerance
112200000,90.0,89.281,-0.7189999999999941,900,10.5,2,PASS,within tolerance
112200000,100.0,100.3587,0.3586999999999989,890,9.5,1,PASS,within tolerance
112300000,10.0,10.6374,0.6373999999999995,1023,29.5,1,PASS,within tolerance
112300000,20.0,19.9361,-0.06390000000000029,1023,24.5,1,PASS,within tolerance
112300000,30.0,30.546799999999998,0.5467999999999975,1023,21.0,1,PASS,within tolerance
112300000,40.0,40.682900000000004,0.6829000000000036,1023,18.5,1,PASS,within tolerance
112300000,50.0,50.2626,0.26259999999999906,979,16.5,1,PASS,within tolerance
112300000,60.0,59.9787,-0.021299999999996544,917,14.0,1,PASS,within tolerance
112300000,70.0,70.06020000000001,0.06020000000000891,888,12.5,1,PASS,within tolerance
112300000,80.0,79.9797,-0.02030000000000598,906,11.5,1,PASS,within tolerance
112300000,90.0,89.8243,-0.17570000000000618,900,10.5,1,PASS,within tolerance
112300000,100.0,100.1019,0.10190000000000055,890,9.5,1,PASS,within tolerance
112400000,10.0,10.610100000000001,0.610100000000001,1023,29.5,1,PASS,within tolerance
112400000,20.0,19.8174,-0.18260000000000076,1023,25.0,2,PASS,within tolerance
112400000,30.0,29.4276,-0.5723999999999982,1023,21.0,1,PASS,within tolerance
112400000,40.0,38.8906,-1.1094000000000008,1023,19.0,2,FAIL,under target at max amp and min attenuation
112400000,50.0,50.5303,0.5302999999999969,979,16.5,1,PASS,within tolerance
112400000,60.0,60.3598,0.3597999999999999,917,14.0,1,PASS,within tolerance
112400000,70.0,69.7825,-0.21750000000000114,888,12.5,1,PASS,within tolerance
112400000,80.0,80.2572,0.25719999999999743,906,11.5,1,PASS,within tolerance
112400000,90.0,90.3674,0.3674000000000035,900,10.5,1,PASS,within tolerance
112400000,100.0,100.0966,0.09659999999999513,878,9.5,2,PASS,within tolerance
112500000,10.0,10.5851,0.5851000000000006,1023,29.5,1,PASS,within tolerance
112500000,20.0,19.460600000000003,-0.539399999999997,1023,25.0,1,PASS,within tolerance
112500000,30.0,30.4729,0.4728999999999992,1023,21.0,3,PASS,within tolerance
112500000,40.0,39.4553,-0.5446999999999989,1023,19.0,2,PASS,within tolerance
112500000,50.0,50.338300000000004,0.3383000000000038,959,16.5,2,PASS,within tolerance
112500000,60.0,59.72,-0.28000000000000114,896,14.0,4,PASS,within tolerance
112500000,70.0,69.7468,-0.25320000000000675,874,12.5,2,PASS,within tolerance
112500000,80.0,80.7629,0.7629000000000019,906,11.5,1,PASS,within tolerance
112500000,90.0,89.2202,-0.7797999999999945,900,10.5,1,PASS,within tolerance
112500000,100.0,100.1189,0.11889999999999645,878,9.5,1,PASS,within tolerance
112600000,10.0,9.035400000000001,-0.964599999999999,1023,30.5,2,PASS,within tolerance
112600000,20.0,19.4253,-0.5747,1023,25.0,1,PASS,within tolerance
112600000,30.0,30.756999999999998,0.7569999999999979,1023,21.0,1,PASS,within tolerance
112600000,40.0,39.7766,-0.22339999999999804,1023,19.0,1,PASS,within tolerance
112600000,50.0,50.5023,0.5022999999999982,959,16.5,1,PASS,within tolerance
112600000,60.0,59.5813,-0.4187000000000012,896,14.0,1,PASS,within tolerance
112600000,70.0,69.4384,-0.5615999999999985,861,12.5,2,PASS,within tolerance
112600000,80.0,80.4965,0.4964999999999975,887,11.5,2,PASS,within tolerance
112600000,90.0,90.8403,0.8402999999999992,900,10.5,1,PASS,within tolerance
112600000,100.0,100.091,0.09099999999999397,878,9.5,1,PASS,within tolerance
112700000,10.0,10.4794,0.47940000000000005,1023,30.5,1,PASS,within tolerance
112700000,20.0,19.0775,-0.9224999999999994,1023,25.0,3,PASS,within tolerance
112700000,30.0,29.6158,-0.3841999999999999,1023,21.5,2,PASS,within tolerance
112700000,40.0,39.161300000000004,-0.8386999999999958,1023,19.0,1,PASS,within tolerance
112700000,50.0,50.2043,0.20430000000000348,959,16.5,1,PASS,within tolerance
112700000,60.0,60.789,0.7890000000000015,896,14.0,1,PASS,within tolerance
112700000,70.0,70.2899,0.28990000000000293,876,12.5,4,PASS,within tolerance
112700000,80.0,80.6776,0.6775999999999982,887,11.5,1,PASS,within tolerance
112700000,90.0,90.4557,0.4556999999999931,900,10.5,1,PASS,within tolerance
112700000,100.0,100.3423,0.3422999999999945,878,9.5,1,PASS,within tolerance
112800000,10.0,10.494200000000001,0.4942000000000011,1023,30.5,1,PASS,within tolerance
112800000,20.0,19.5415,-0.4585000000000008,1023,25.0,1,PASS,within tolerance
112800000,30.0,29.036800000000003,-0.963199999999997,1023,21.5,1,PASS,within tolerance
112800000,40.0,39.595400000000005,-0.40459999999999496,1023,19.0,5,PASS,within tolerance
112800000,50.0,50.0638,0.06380000000000052,959,16.5,1,PASS,within tolerance
112800000,60.0,60.5185,0.5185000000000031,896,14.0,1,PASS,within tolerance
112800000,70.0,70.7037,0.7036999999999978,876,12.5,1,PASS,within tolerance
112800000,80.0,79.17490000000001,-0.825099999999992,875,11.5,2,PASS,within tolerance
112800000,90.0,90.00450000000001,0.004500000000007276,884,10.5,2,PASS,within tolerance
112800000,100.0,99.97250000000001,-0.0274999999999892,878,9.5,1,PASS,within tolerance
112900000,10.0,10.5098,0.5098000000000003,1023,30.5,1,PASS,within tolerance
112900000,20.0,19.3161,-0.6839000000000013,1023,25.0,1,PASS,within tolerance
112900000,30.0,29.5846,-0.41540000000000177,1023,21.5,1,PASS,within tolerance
112900000,40.0,40.499100000000006,0.49910000000000565,1023,19.0,1,PASS,within tolerance
112900000,50.0,50.2223,0.22229999999999706,959,16.5,1,PASS,within tolerance
112900000,60.0,60.5145,0.5144999999999982,896,14.0,1,PASS,within tolerance
112900000,70.0,70.7976,0.7976000000000028,876,12.5,1,PASS,within tolerance
112900000,80.0,80.0723,0.07229999999999848,872,11.5,5,PASS,within tolerance
112900000,90.0,89.6348,-0.3652000000000015,884,10.5,1,PASS,within tolerance
112900000,100.0,100.755,0.7549999999999955,872,9.5,3,PASS,within tolerance
113000000,10.0,10.196800000000001,0.19680000000000142,1023,30.5,1,PASS,within tolerance
113000000,20.0,20.325599999999998,0.3255999999999979,1023,25.0,1,PASS,within tolerance
113000000,30.0,29.041500000000003,-0.9584999999999972,1023,21.5,1,PASS,within tolerance
113000000,40.0,39.177499999999995,-0.8225000000000051,1023,19.0,1,PASS,within tolerance
113000000,50.0,50.4021,0.40209999999999724,959,16.5,1,PASS,within tolerance
113000000,60.0,60.5097,0.5097000000000023,896,14.0,1,PASS,within tolerance
113000000,70.0,70.4981,0.49809999999999377,876,12.5,1,PASS,within tolerance
113000000,80.0,79.667,-0.3329999999999984,871,11.5,3,PASS,within tolerance
113000000,90.0,90.7347,0.7347000000000037,884,10.5,1,PASS,within tolerance
113000000,100.0,99.3638,-0.6362000000000023,860,9.5,2,PASS,within tolerance
113100000,10.0,10.7096,0.7096,1023,30.5,1,PASS,within tolerance
113100000,20.0,19.6607,-0.3393000000000015,1023,25.0,1,PASS,within tolerance
113100000,30.0,29.1859,-0.8140999999999998,1023,21.5,1,PASS,within tolerance
113100000,40.0,39.728300000000004,-0.2716999999999956,1023,19.0,1,PASS,within tolerance
113100000,50.0,50.7441,0.7441000000000031,959,16.5,1,PASS,within tolerance
113100000,60.0,60.3565,0.35649999999999693,896,14.0,1,PASS,within tolerance
113100000,70.0,69.601,-0.3990000000000009,862,12.5,2,PASS,within tolerance
113100000,80.0,79.2889,-0.7111000000000018,871,11.5,1,PASS,within tolerance
113100000,90.0,90.3455,0.34550000000000125,884,10.5,1,PASS,within tolerance
113100000,100.0,99.5488,-0.45120000000000005,860,9.5,1,PASS,within tolerance
113200000,10.0,9.1425,-0.8574999999999999,1023,30.5,1,PASS,within tolerance
113200000,20.0,19.886,-0.11400000000000077,1023,25.0,1,PASS,within tolerance
113200000,30.0,29.9695,-0.03049999999999997,1023,21.5,1,PASS,within tolerance
113200000,40.0,39.1866,-0.8134000000000015,1023,19.0,1,PASS,within tolerance
113200000,50.0,49.3503,-0.6497000000000028,935,16.5,2,PASS,within tolerance
113200000,60.0,59.355,-0.6450000000000031,877,14.0,2,PASS,within tolerance
113200000,70.0,69.2487,-0.7513000000000005,862,12.5,1,PASS,within tolerance
113200000,80.0,79.9293,-0.0707000000000022,871,11.5,1,PASS,within tolerance
113200000,90.0,89.48589999999999,-0.5141000000000133,884,10.5,1,PASS,within tolerance
113200000,100.0,100.8536,0.8536000000000001,860,9.5,1,PASS,within tolerance
113300000,10.0,9.5525,-0.4474999999999998,1023,30.5,1,PASS,within tolerance
113300000,20.0,20.5989,0.5989000000000004,1023,25.0,1,PASS,within tolerance
113300000,30.0,30.3614,0.3613999999999997,1023,21.5,1,PASS,within tolerance
113300000,40.0,40.7886,0.7886000000000024,1023,19.0,1,PASS,within tolerance
113300000,50.0,49.3403,-0.6597000000000008,935,16.5,1,PASS,within tolerance
113300000,60.0,59.8089,-0.19109999999999872,877,14.0,1,PASS,within tolerance
113300000,70.0,70.5749,0.5748999999999995,862,12.5,1,PASS,within tolerance
113300000,80.0,79.60820000000001,-0.39179999999998927,871,11.5,1,PASS,within tolerance
113300000,90.0,89.9343,-0.06570000000000675,884,10.5,1,PASS,within tolerance
113300000,100.0,100.001,0.0010000000000047748,848,9.5,4,PASS,within tolerance
113400000,10.0,10.1791,0.17910000000000004,1023,30.0,3,PASS,within tolerance
113400000,20.0,19.2133,-0.7866999999999997,1023,25.0,1,PASS,within tolerance
113400000,30.0,30.1698,0.16979999999999862,1023,21.5,1,PASS,within tolerance
113400000,40.0,39.5366,-0.46340000000000003,1023,19.0,3,PASS,within tolerance
113400000,50.0,49.344899999999996,-0.6551000000000045,935,16.5,1,PASS,within tolerance
113400000,60.0,60.1424,0.14240000000000208,877,14.0,1,PASS,within tolerance
113400000,70.0,70.70899999999999,0.708999999999989,862,12.5,1,PASS,within tolerance
113400000,80.0,80.77159999999999,0.7715999999999923,871,11.5,1,PASS,within tolerance
113400000,90.0,89.9535,-0.04649999999999466,875,10.5,4,PASS,within tolerance
113400000,100.0,100.4101,0.4100999999999999,848,9.5,1,PASS,within tolerance
113500000,10.0,9.641,-0.359,1023,30.0,1,PASS,within tolerance
113500000,20.0,19.917299999999997,-0.08270000000000266,1023,25.0,1,PASS,within tolerance
113500000,30.0,29.0562,-0.9437999999999995,1023,21.5,1,PASS,within tolerance
113500000,40.0,39.2898,-0.7102000000000004,996,19.0,2,PASS,within tolerance
113500000,50.0,49.5845,-0.41550000000000153,935,16.5,1,PASS,within tolerance
113500000,60.0,60.17659999999999,0.17659999999999343,877,14.0,1,PASS,within tolerance
113500000,70.0,70.0915,0.09149999999999636,857,12.5,3,PASS,within tolerance
113500000,80.0,79.8506,-0.14939999999999998,871,11.5,1,PASS,within tolerance
113500000,90.0,90.8105,0.8105000000000047,873,10.5,3,PASS,within tolerance
113500000,100.0,99.7059,-0.29410000000000025,848,9.5,1,PASS,within tolerance
113600000,10.0,10.712,0.7119999999999997,1023,31.0,2,PASS,within tolerance
113600000,20.0,20.8794,0.8794000000000004,1023,25.0,1,PASS,within tolerance
113600000,30.0,29.5279,-0.4721000000000011,1023,21.5,1,PASS,within tolerance
113600000,40.0,40.817600000000006,0.8176000000000059,1023,19.0,2,PASS,within tolerance
113600000,50.0,50.5464,0.5463999999999984,935,16.5,1,PASS,within tolerance
113600000,60.0,59.6989,-0.30109999999999815,877,14.0,1,PASS,within tolerance
113600000,70.0,70.5339,0.5339000000000027,853,12.5,3,PASS,within tolerance
113600000,80.0,80.4048,0.4047999999999945,860,11.5,2,PASS,within tolerance
113600000,90.0,89.6356,-0.3644000000000034,863,10.5,2,PASS,within tolerance
113600000,100.0,99.4053,-0.5947000000000031,848,9.5,1,PASS,within tolerance
113700000,10.0,10.6199,0.6198999999999995,1023,30.5,3,PASS,within tolerance
113700000,20.0,19.5293,-0.4707000000000008,1023,25.5,2,PASS,within tolerance
113700000,30.0,29.8207,-0.17930000000000135,1023,21.5,1,PASS,within tolerance
113700000,40.0,40.0621,0.06210000000000093,1023,19.0,1,PASS,within tolerance
113700000,50.0,50.7086,0.708599999999997,935,16.5,1,PASS,within tolerance
113700000,60.0,59.0739,-0.9260999999999981,877,14.0,1,PASS,within tolerance
113700000,70.0,70.677,0.6770000000000067,854,12.5,3,PASS,within tolerance
113700000,80.0,79.4514,-0.5485999999999933,860,11.5,1,PASS,within tolerance
113700000,90.0,89.739,-0.2609999999999957,863,10.5,1,PASS,within tolerance
113700000,100.0,100.07910000000001,0.07910000000001105,848,9.5,1,PASS,within tolerance
113800000,10.0,10.5575,0.5574999999999992,1023,30.5,1,PASS,within tolerance
113800000,20.0,19.7328,-0.267199999999999,1023,25.5,1,PASS,within tolerance
113800000,30.0,29.4277,-0.5722999999999985,1023,21.5,1,PASS,within tolerance
113800000,40.0,40.7873,0.7873000000000019,1023,19.0,1,PASS,within tolerance
113800000,50.0,50.801199999999994,0.8011999999999944,935,16.5,1,PASS,within tolerance
113800000,60.0,60.756499999999996,0.7564999999999955,877,14.0,1,PASS,within tolerance
113800000,70.0,70.84169999999999,0.8416999999999888,854,12.5,1,PASS,within tolerance
113800000,80.0,79.80810000000001,-0.19189999999998975,860,11.5,1,PASS,within tolerance
113800000,90.0,90.6482,0.6482000000000028,863,10.5,1,PASS,within tolerance
113800000,100.0,100.7816,0.7815999999999974,848,9.5,1,PASS,within tolerance
113900000,10.0,10.5383,0.5382999999999996,1023,30.5,1,PASS,within tolerance
113900000,20.0,20.808500000000002,0.8085000000000022,1023,25.0,2,PASS,within tolerance
113900000,30.0,29.6525,-0.34750000000000014,1023,21.5,1,PASS,within tolerance
113900000,40.0,40.993,0.9930000000000021,1023,19.0,1,PASS,within tolerance
113900000,50.0,50.636300000000006,0.6363000000000056,935,16.5,1,PASS,within tolerance
113900000,60.0,60.9768,0.9767999999999972,877,14.0,1,PASS,within tolerance
113900000,70.0,69.5365,-0.46349999999999625,837,12.5,2,PASS,within tolerance
113900000,80.0,80.5652,0.5652000000000044,860,11.5,1,PASS,within tolerance
113900000,90.0,90.2339,0.23390000000000555,863,10.5,1,PASS,within tolerance
113900000,100.0,100.6679,0.667900000000003,848,9.5,1,PASS,within tolerance
114000000,10.0,9.4844,-0.5155999999999992,1023,30.5,1,PASS,within tolerance
114000000,20.0,19.9116,-0.08840000000000003,1023,25.0,4,PASS,within tolerance
114000000,30.0,29.5629,-0.43710000000000093,1023,21.5,1,PASS,within tolerance
114000000,40.0,40.9856,0.985599999999998,1023,19.0,1,PASS,within tolerance
114000000,50.0,50.1646,0.16460000000000008,935,16.5,1,PASS,within tolerance
114000000,60.0,59.3787,-0.621299999999998,858,14.0,2,PASS,within tolerance
114000000,70.0,69.9688,-0.03119999999999834,837,12.5,1,PASS,within tolerance
114000000,80.0,79.81920000000001,-0.18079999999999075,860,11.5,1,PASS,within tolerance
114000000,90.0,90.2842,0.28419999999999845,863,10.5,1,PASS,within tolerance
114000000,100.0,99.95020000000001,-0.04979999999999052,838,9.5,2,PASS,within tolerance
114100000,10.0,10.6452,0.6452000000000009,1023,30.5,1,PASS,within tolerance
114100000,20.0,20.7786,0.7786000000000008,1023,25.0,1,PASS,within tolerance
114100000,30.0,29.9679,-0.032099999999999795,1023,21.5,1,PASS,within tolerance
114100000,40.0,40.563700000000004,0.5637000000000043,994,19.0,2,PASS,within tolerance
114100000,50.0,49.2057,-0.7942999999999998,935,17.0,4,PASS,within tolerance
114100000,60.0,59.3283,-0.6717000000000013,858,14.0,1,PASS,within tolerance
114100000,70.0,69.8399,-0.1600999999999999,837,12.5,1,PASS,within tolerance
114100000,80.0,80.41189999999999,0.4118999999999886,860,11.5,1,PASS,within tolerance
114100000,90.0,90.9021,0.9021000000000043,863,10.5,1,PASS,within tolerance
114100000,100.0,99.5795,-0.4205000000000041,838,9.5,1,PASS,within tolerance
114200000,10.0,10.1744,0.17440000000000033,1023,30.5,1,PASS,within tolerance
114200000,20.0,20.7475,0.7474999999999987,1023,25.0,1,PASS,within tolerance
114200000,30.0,30.2721,0.27209999999999823,1023,21.5,1,PASS,within tolerance
114200000,40.0,40.0473,0.0472999999999999,994,19.0,1,PASS,within tolerance
114200000,50.0,50.3125,0.3125,959,17.0,2,PASS,within tolerance
114200000,60.0,59.7993,-0.20069999999999766,858,14.0,1,PASS,within tolerance
114200000,70.0,70.414,0.4140000000000015,837,12.5,1,PASS,within tolerance
114200000,80.0,79.7684,-0.23160000000000025,845,11.5,2,PASS,within tolerance
114200000,90.0,90.1931,0.19310000000000116,863,10.5,1,PASS,within tolerance
114200000,100.0,99.8651,-0.1349000000000018,833,9.5,3,PASS,within tolerance
114300000,10.0,9.5632,-0.43679999999999986,1023,30.5,1,PASS,within tolerance
114300000,20.0,19.9095,-0.09049999999999869,1023,25.0,1,PASS,within tolerance
114300000,30.0,29.9785,-0.02149999999999963,1023,21.5,1,PASS,within tolerance
114300000,40.0,39.3125,-0.6875,994,19.0,1,PASS,within tolerance
114300000,50.0,50.1935,0.19350000000000023,959,17.0,1,PASS,within tolerance
114300000,60.0,60.1366,0.1366000000000014,858,14.0,1,PASS,within tolerance
114300000,70.0,69.52990000000001,-0.47009999999998797,837,12.5,1,PASS,within tolerance
114300000,80.0,79.401,-0.5990000000000038,845,11.5,1,PASS,within tolerance
114300000,90.0,89.6392,-0.36079999999999757,850,10.5,2,PASS,within tolerance
114300000,100.0,100.1265,0.12649999999999295,833,9.5,1,PASS,within tolerance
114400000,10.0,9.940900000000001,-0.05909999999999904,1023,30.5,3,PASS,within tolerance
114400000,20.0,19.813399999999998,-0.1866000000000021,1023,25.5,2,PASS,within tolerance
114400000,30.0,30.2991,0.29909999999999926,1023,21.5,3,PASS,within tolerance
114400000,40.0,40.1218,0.12180000000000035,994,19.0,1,PASS,within tolerance
114400000,50.0,49.3569,-0.6430999999999969,959,17.0,1,PASS,within tolerance
114400000,60.0,60.2409,0.24090000000000344,858,14.0,1,PASS,within tolerance
114400000,70.0,70.9892,0.9891999999999967,837,12.5,1,PASS,within tolerance
114400000,80.0,79.96889999999999,-0.03110000000000923,845,11.5,1,PASS,within tolerance
114400000,90.0,89.5012,-0.4988000000000028,850,10.5,1,PASS,within tolerance
114400000,100.0,100.71130000000001,0.7113000000000085,833,9.5,1,PASS,within tolerance
114500000,10.0,10.4085,0.4085000000000001,1023,30.5,1,PASS,within tolerance
114500000,20.0,19.7309,-0.26910000000000167,1023,25.5,1,PASS,within tolerance
114500000,30.0,29.9513,-0.04870000000000019,1023,21.5,1,PASS,within tolerance
114500000,40.0,40.645399999999995,0.6453999999999951,994,19.0,3,PASS,within tolerance
114500000,50.0,49.7425,-0.2575000000000003,959,17.0,1,PASS,within tolerance
114500000,60.0,60.068999999999996,0.06899999999999551,858,14.0,1,PASS,within tolerance
114500000,70.0,70.44789999999999,0.44789999999999,837,12.5,1,PASS,within tolerance
114500000,80.0,79.4068,-0.593199999999996,845,11.5,1,PASS,within tolerance
114500000,90.0,90.098,0.09799999999999898,850,10.5,1,PASS,within tolerance
114500000,100.0,100.2171,0.21710000000000207,829,9.5,3,PASS,within tolerance
114600000,10.0,10.0634,0.06339999999999968,1023,30.5,1,PASS,within tolerance
114600000,20.0,19.041800000000002,-0.9581999999999979,1023,25.5,1,PASS,within tolerance
114600000,30.0,30.6518,0.6518000000000015,1023,21.5,1,PASS,within tolerance
114600000,40.0,39.8322,-0.16779999999999973,994,19.0,1,PASS,within tolerance
114600000,50.0,50.3328,0.3327999999999989,959,17.0,1,PASS,within tolerance
114600000,60.0,60.7228,0.7227999999999994,858,14.0,1,PASS,within tolerance
114600000,70.0,70.3205,0.32049999999999557,837,12.5,1,PASS,within tolerance
114600000,80.0,80.75880000000001,0.7588000000000079,845,11.5,1,PASS,within tolerance
114600000,90.0,89.8675,-0.13249999999999318,850,10.5,1,PASS,within tolerance
114600000,100.0,99.7431,-0.2569000000000017,829,9.5,1,PASS,within tolerance
114700000,10.0,10.3309,0.33089999999999975,1023,30.5,1,PASS,within tolerance
114700000,20.0,19.8973,-0.10269999999999868,1023,25.5,1,PASS,within tolerance
114700000,30.0,29.9454,-0.05460000000000065,1023,21.5,1,PASS,within tolerance
114700000,40.0,40.9469,0.9468999999999994,994,19.0,1,PASS,within tolerance
114700000,50.0,49.9476,-0.05239999999999867,959,17.0,1,PASS,within tolerance
114700000,60.0,60.2925,0.2924999999999969,858,14.0,1,PASS,within tolerance
114700000,70.0,70.8883,0.888300000000001,837,12.5,1,PASS,within tolerance
114700000,80.0,80.9626,0.9625999999999948,850,11.5,3,PASS,within tolerance
114700000,90.0,90.7045,0.7044999999999959,850,10.5,1,PASS,within tolerance
114700000,100.0,100.7414,0.7413999999999987,829,9.5,1,PASS,within tolerance
114800000,10.0,9.838700000000001,-0.1612999999999989,1023,30.5,1,PASS,within tolerance
114800000,20.0,19.776,-0.2240000000000002,1023,25.5,3,PASS,within tolerance
114800000,30.0,30.515,0.5150000000000006,1023,21.5,1,PASS,within tolerance
114800000,40.0,40.414,0.4140000000000015,994,19.0,1,PASS,within tolerance
114800000,50.0,49.966,-0.03399999999999892,959,17.0,1,PASS,within tolerance
114800000,60.0,60.1756,0.17560000000000286,858,14.0,1,PASS,within tolerance
114800000,70.0,70.5801,0.5801000000000016,837,12.5,1,PASS,within tolerance
114800000,80.0,79.49589999999999,-0.5041000000000082,831,11.5,2,PASS,within tolerance
114800000,90.0,90.862,0.8619999999999948,850,10.5,1,PASS,within tolerance
114800000,100.0,99.688,-0.3119999999999976,822,9.5,4,PASS,within tolerance
114900000,10.0,9.534600000000001,-0.4653999999999989,1023,30.5,1,PASS,within tolerance
114900000,20.0,19.3888,-0.6112000000000002,1023,25.5,1,PASS,within tolerance
114900000,30.0,30.287499999999998,0.28749999999999787,1023,21.5,1,PASS,within tolerance
114900000,40.0,39.8974,-0.10260000000000247,994,19.0,1,PASS,within tolerance
114900000,50.0,50.2938,0.2937999999999974,959,17.0,1,PASS,within tolerance
114900000,60.0,60.7198,0.7197999999999993,858,14.0,1,PASS,within tolerance
114900000,70.0,70.0398,0.03979999999999961,816,12.5,2,PASS,within tolerance
114900000,80.0,79.1625,-0.8375000000000057,831,11.5,1,PASS,within tolerance
114900000,90.0,90.34440000000001,0.34440000000000737,850,10.5,1,PASS,within tolerance
114900000,100.0,100.426,0.42600000000000193,822,9.5,1,PASS,within tolerance
115000000,10.0,9.8747,-0.1252999999999993,1023,30.5,1,PASS,within tolerance
115000000,20.0,19.199299999999997,-0.8007000000000026,1023,25.5,1,PASS,within tolerance
115000000,30.0,30.5733,0.5732999999999997,1023,21.5,1,PASS,within tolerance
115000000,40.0,40.4401,0.44010000000000105,994,19.0,1,PASS,within tolerance
115000000,50.0,50.2683,0.26830000000000354,959,17.0,1,PASS,within tolerance
115000000,60.0,59.2132,-0.7867999999999995,842,14.0,2,PASS,within tolerance
115000000,70.0,69.8607,-0.13930000000000575,816,12.5,1,PASS,within tolerance
115000000,80.0,79.42960000000001,-0.5703999999999922,831,11.5,1,PASS,within tolerance
115000000,90.0,90.8756,0.8756000000000057,850,10.5,1,PASS,within tolerance
115000000,100.0,100.6096,0.6096000000000004,811,9.5,2,PASS,within tolerance
115100000,10.0,9.7409,-0.2591000000000001,1023,30.5,1,PASS,within tolerance
115100000,20.0,19.3866,-0.6133999999999986,1023,25.5,1,PASS,within tolerance
115100000,30.0,30.0242,0.024200000000000443,1023,21.5,3,PASS,within tolerance
115100000,40.0,39.770199999999996,-0.22980000000000445,994,19.0,1,PASS,within tolerance
115100000,50.0,50.631299999999996,0.631299999999996,959,17.0,3,PASS,within tolerance
115100000,60.0,60.2569,0.2569000000000017,842,14.0,1,PASS,within tolerance
115100000,70.0,70.1083,0.10829999999999984,816,12.5,1,PASS,within tolerance
115100000,80.0,79.10069999999999,-0.8993000000000109,831,11.5,1,PASS,within tolerance
115100000,90.0,89.0136,-0.9864000000000033,834,10.5,2,PASS,within tolerance
115100000,100.0,100.41940000000001,0.4194000000000102,824,9.5,2,PASS,within tolerance
115200000,10.0,9.8764,-0.12359999999999971,1023,30.5,1,PASS,within tolerance
115200000,20.0,20.0929,0.0929000000000002,1023,25.5,1,PASS,within tolerance
115200000,30.0,30.4437,0.44369999999999976,1023,21.5,1,PASS,within tolerance
115200000,40.0,40.6247,0.6246999999999971,994,19.0,1,PASS,within tolerance
115200000,50.0,50.175,0.17499999999999716,959,17.0,1,PASS,within tolerance
115200000,60.0,60.466100000000004,0.4661000000000044,842,14.0,1,PASS,within tolerance
115200000,70.0,69.1996,-0.8003999999999962,816,12.5,1,PASS,within tolerance
115200000,80.0,79.5306,-0.46939999999999316,831,11.5,1,PASS,within tolerance
115200000,90.0,89.9008,-0.09919999999999618,834,10.5,1,PASS,within tolerance
115200000,100.0,100.6531,0.6530999999999949,824,9.5,1,PASS,within tolerance
115300000,10.0,10.0968,0.0968,1023,31.5,2,PASS,within tolerance
115300000,20.0,19.970000000000002,-0.029999999999997584,1023,25.5,1,PASS,within tolerance
115300000,30.0,29.691399999999998,-0.308600000000002,1023,21.5,1,PASS,within tolerance
115300000,40.0,40.8163,0.8162999999999982,994,19.0,1,PASS,within tolerance
115300000,50.0,50.0369,0.03690000000000282,959,17.0,1,PASS,within tolerance
115300000,60.0,59.681900000000006,-0.31809999999999405,842,14.0,1,PASS,within tolerance
115300000,70.0,69.2232,-0.7767999999999944,816,12.5,1,PASS,within tolerance
115300000,80.0,79.4792,-0.5207999999999942,831,11.5,1,PASS,within tolerance
115300000,90.0,89.67229999999999,-0.3277000000000072,834,10.5,1,PASS,within tolerance
115300000,100.0,99.5804,-0.41960000000000264,813,9.5,2,PASS,within tolerance
115400000,10.0,9.9821,-0.01789999999999914,1023,31.5,1,PASS,within tolerance
115400000,20.0,19.6906,-0.3094000000000001,1023,25.5,1,PASS,within tolerance
115400000,30.0,29.2304,-0.7696000000000005,1023,22.0,2,PASS,within tolerance
115400000,40.0,40.6938,0.6938000000000031,994,19.0,1,PASS,within tolerance
115400000,50.0,49.8442,-0.15579999999999927,959,17.0,1,PASS,within tolerance
115400000,60.0,60.0621,0.06210000000000093,842,14.0,1,PASS,within tolerance
115400000,70.0,69.488,-0.5120000000000005,816,12.5,1,PASS,within tolerance
115400000,80.0,79.55619999999999,-0.4438000000000102,831,11.5,1,PASS,within tolerance
115400000,90.0,89.8104,-0.18959999999999866,834,10.5,1,PASS,within tolerance
115400000,100.0,100.81410000000001,0.8141000000000105,813,9.5,1,PASS,within tolerance
115500000,10.0,9.0807,-0.9192999999999998,1023,31.5,1,PASS,within tolerance
115500000,20.0,19.692899999999998,-0.3071000000000019,1023,25.5,1,PASS,within tolerance
115500000,30.0,29.0819,-0.918099999999999,1023,22.0,1,PASS,within tolerance
115500000,40.0,40.507,0.5069999999999979,994,19.0,1,PASS,within tolerance
115500000,50.0,50.9294,0.9294000000000011,959,17.0,1,PASS,within tolerance
115500000,60.0,60.1518,0.1518000000000015,842,14.0,1,PASS,within tolerance
115500000,70.0,69.52709999999999,-0.47290000000000987,816,12.5,1,PASS,within tolerance
115500000,80.0,80.013,0.01300000000000523,831,11.5,1,PASS,within tolerance
115500000,90.0,89.5654,-0.4346000000000032,834,10.5,1,PASS,within tolerance
115500000,100.0,99.6827,-0.317300000000003,813,9.5,1,PASS,within tolerance
115600000,10.0,9.990499999999999,-0.009500000000000952,1023,31.5,1,PASS,within tolerance
115600000,20.0,19.4235,-0.5764999999999993,1023,25.5,1,PASS,within tolerance
115600000,30.0,30.974600000000002,0.9746000000000024,1023,21.5,2,PASS,within tolerance
115600000,40.0,40.4247,0.4247000000000014,994,19.0,3,PASS,within tolerance
115600000,50.0,50.4629,0.46289999999999765,959,17.0,1,PASS,within tolerance
115600000,60.0,60.0175,0.017499999999998295,842,14.0,1,PASS,within tolerance
115600000,70.0,69.4867,-0.513300000000001,816,12.5,1,PASS,within tolerance
115600000,80.0,80.1643,0.16429999999999723,831,11.5,1,PASS,within tolerance
115600000,90.0,89.848,-0.15200000000000102,834,10.5,1,PASS,within tolerance
115600000,100.0,100.61449999999999,0.6144999999999925,813,9.5,1,PASS,within tolerance
115700000,10.0,9.0501,-0.9498999999999995,1023,31.5,1,PASS,within tolerance
115700000,20.0,20.5902,0.5901999999999994,1023,25.5,1,PASS,within tolerance
115700000,30.0,30.935000000000002,0.9350000000000023,1023,21.5,1,PASS,within tolerance
115700000,40.0,39.650600000000004,-0.3493999999999957,994,19.0,1,PASS,within tolerance
115700000,50.0,49.8947,-0.10529999999999973,935,17.0,2,PASS,within tolerance
115700000,60.0,59.2455,-0.7545000000000002,842,14.0,1,PASS,within tolerance
115700000,70.0,69.154,-0.8460000000000036,852,13.0,6,PASS,within tolerance
115700000,80.0,80.7065,0.7065000000000055,831,11.5,1,PASS,within tolerance
115700000,90.0,90.50569999999999,0.5056999999999903,834,10.5,1,PASS,within tolerance
115700000,100.0,100.6236,0.6235999999999962,813,9.5,1,PASS,within tolerance
115800000,10.0,9.5838,-0.4161999999999999,1023,31.5,1,PASS,within tolerance
115800000,20.0,19.7191,-0.28089999999999904,1023,25.5,1,PASS,within tolerance
115800000,30.0,30.874,0.8739999999999988,1023,21.5,1,PASS,within tolerance
115800000,40.0,39.9884,-0.011600000000001387,966,19.0,2,PASS,within tolerance
115800000,50.0,49.089,-0.9110000000000014,935,17.0,1,PASS,within tolerance
115800000,60.0,60.3029,0.30290000000000106,842,14.0,1,PASS,within tolerance
115800000,70.0,69.5349,-0.46510000000000673,852,13.0,1,PASS,within tolerance
115800000,80.0,80.4917,0.4916999999999945,831,11.5,1,PASS,within tolerance
115800000,90.0,90.5655,0.5655000000000001,834,10.5,1,PASS,within tolerance
115800000,100.0,99.4245,-0.5755000000000052,813,9.5,1,PASS,within tolerance
115900000,10.0,9.3757,-0.6242999999999999,1023,31.5,1,PASS,within tolerance
115900000,20.0,19.7063,-0.2937000000000012,1023,25.5,1,PASS,within tolerance
115900000,30.0,29.027,-0.972999999999999,1023,22.0,2,PASS,within tolerance
115900000,40.0,39.5509,-0.4491000000000014,966,19.0,1,PASS,within tolerance
115900000,50.0,49.6692,-0.33080000000000354,935,17.0,1,PASS,within tolerance
115900000,60.0,59.9707,-0.029299999999999216,842,14.0,1,PASS,within tolerance
115900000,70.0,69.7577,-0.24230000000000018,852,13.0,1,PASS,within tolerance
115900000,80.0,79.9306,-0.06940000000000168,831,11.5,1,PASS,within tolerance
115900000,90.0,89.95,-0.04999999999999716,834,10.5,1,PASS,within tolerance
115900000,100.0,99.9023,-0.09770000000000323,813,9.5,1,PASS,within tolerance
116000000,10.0,9.5537,-0.4463000000000008,1023,31.5,1,PASS,within tolerance
116000000,20.0,19.8483,-0.15170000000000172,1023,25.5,1,PASS,within tolerance
116000000,30.0,29.099300000000003,-0.900699999999997,1023,22.0,1,PASS,within tolerance
116000000,40.0,39.1425,-0.8575000000000017,966,19.0,1,PASS,within tolerance
116000000,50.0,50.0359,0.035899999999998045,935,17.0,1,PASS,within tolerance
116000000,60.0,60.195699999999995,0.1956999999999951,842,14.0,1,PASS,within tolerance
116000000,70.0,69.0539,-0.9461000000000013,852,13.0,1,PASS,within tolerance
116000000,80.0,79.1027,-0.8973000000000013,815,11.5,2,PASS,within tolerance
116000000,90.0,89.0108,-0.9891999999999967,821,10.5,2,PASS,within tolerance
116000000,100.0,100.43140000000001,0.43140000000001066,813,9.5,1,PASS,within tolerance
116100000,10.0,10.045399999999999,0.045399999999999,1023,30.5,2,PASS,within tolerance
116100000,20.0,20.280099999999997,0.28009999999999735,1023,25.5,1,PASS,within tolerance
116100000,30.0,30.569499999999998,0.5694999999999979,1023,22.0,1,PASS,within tolerance
116100000,40.0,40.090599999999995,0.0905999999999949,966,19.0,1,PASS,within tolerance
116100000,50.0,50.6924,0.6923999999999992,935,17.0,1,PASS,within tolerance
116100000,60.0,60.9165,0.9164999999999992,842,14.0,1,PASS,within tolerance
116100000,70.0,69.08359999999999,-0.9164000000000101,852,13.0,1,PASS,within tolerance
116100000,80.0,79.52199999999999,-0.47800000000000864,815,11.5,1,PASS,within tolerance
116100000,90.0,89.4807,-0.5193000000000012,821,10.5,1,PASS,within tolerance
116100000,100.0,100.4468,0.4467999999999961,813,9.5,1,PASS,within tolerance
116200000,10.0,10.5424,0.5424000000000007,1023,30.5,1,PASS,within tolerance
116200000,20.0,20.1354,0.13540000000000063,1023,25.5,1,PASS,within tolerance
116200000,30.0,30.786399999999997,0.7863999999999969,1023,21.5,6,PASS,within tolerance
116200000,40.0,40.7126,0.7126000000000019,966,19.0,1,PASS,within tolerance
116200000,50.0,49.5856,-0.41440000000000055,935,17.0,1,PASS,within tolerance
116200000,60.0,60.2813,0.28130000000000166,825,14.0,2,PASS,within tolerance
116200000,70.0,70.1231,0.12309999999999377,867,13.0,2,PASS,within tolerance
116200000,80.0,80.0591,0.05910000000000082,815,11.5,1,PASS,within tolerance
116200000,90.0,89.475,-0.5250000000000057,821,10.5,1,PASS,within tolerance
116200000,100.0,100.3596,0.35960000000000036,813,9.5,1,PASS,within tolerance
116300000,10.0,9.4344,-0.5655999999999999,1023,31.5,2,PASS,within tolerance
116300000,20.0,19.6221,-0.37790000000000035,1023,25.5,1,PASS,within tolerance
116300000,30.0,29.118000000000002,-0.8819999999999979,1023,22.0,2,PASS,within tolerance
116300000,40.0,39.5433,-0.4566999999999979,966,19.0,1,PASS,within tolerance
116300000,50.0,49.893899999999995,-0.10610000000000497,935,17.0,1,PASS,within tolerance
116300000,60.0,59.886799999999994,-0.11320000000000618,840,14.0,2,PASS,within tolerance
116300000,70.0,70.87,0.8700000000000045,867,13.0,1,PASS,within tolerance
116300000,80.0,80.0736,0.073599999999999,820,11.5,3,PASS,within tolerance
116300000,90.0,89.8433,-0.15670000000000073,821,10.5,1,PASS,within tolerance
116300000,100.0,100.46560000000001,0.4656000000000091,813,9.5,1,PASS,within tolerance
116400000,10.0,9.396099999999999,-0.6039000000000012,1023,31.5,1,PASS,within tolerance
116400000,20.0,19.5683,-0.4316999999999993,1023,25.5,1,PASS,within tolerance
116400000,30.0,30.471,0.4710000000000001,1023,21.5,2,PASS,within tolerance
116400000,40.0,40.1264,0.12639999999999674,966,19.0,1,PASS,within tolerance
116400000,50.0,49.2346,-0.7653999999999996,935,17.0,1,PASS,within tolerance
116400000,60.0,60.5985,0.5985000000000014,840,14.0,1,PASS,within tolerance
116400000,70.0,69.0247,-0.9753000000000043,844,13.0,2,PASS,within tolerance
116400000,80.0,80.5543,0.5542999999999978,820,11.5,1,PASS,within tolerance
116400000,90.0,89.601,-0.3990000000000009,821,10.5,1,PASS,within tolerance
116400000,100.0,100.65889999999999,0.6588999999999885,813,9.5,1,PASS,within tolerance
116500000,10.0,9.4646,-0.5353999999999992,1023,31.5,1,PASS,within tolerance
116500000,20.0,20.8458,0.8458000000000006,1023,25.5,1,PASS,within tolerance
116500000,30.0,30.376299999999997,0.37629999999999697,1023,22.0,2,PASS,within tolerance
116500000,40.0,40.2038,0.2038000000000011,966,19.0,1,PASS,within tolerance
116500000,50.0,50.418200000000006,0.4182000000000059,935,17.0,1,PASS,within tolerance
116500000,60.0,60.5497,0.5497000000000014,840,14.0,1,PASS,within tolerance
116500000,70.0,70.1005,0.1004999999999967,844,13.0,1,PASS,within tolerance
116500000,80.0,80.5668,0.5668000000000006,820,11.5,1,PASS,within tolerance
116500000,90.0,89.276,-0.7240000000000038,821,10.5,1,PASS,within tolerance
116500000,100.0,99.274,-0.7259999999999991,804,9.5,2,PASS,within tolerance
116600000,10.0,9.8592,-0.14080000000000048,1023,31.5,1,PASS,within tolerance
116600000,20.0,20.401200000000003,0.4012000000000029,1023,25.5,1,PASS,within tolerance
116600000,30.0,29.3299,-0.6701000000000015,1023,22.0,1,PASS,within tolerance
116600000,40.0,40.5548,0.5548000000000002,966,19.0,1,PASS,within tolerance
116600000,50.0,49.611000000000004,-0.3889999999999958,935,17.0,1,PASS,within tolerance
116600000,60.0,60.5852,0.5852000000000004,840,14.0,1,PASS,within tolerance
116600000,70.0,69.5021,-0.49790000000000134,844,13.0,1,PASS,within tolerance
116600000,80.0,79.87950000000001,-0.12049999999999272,820,11.5,1,PASS,within tolerance
116600000,90.0,90.1575,0.15749999999999886,821,10.5,1,PASS,within tolerance
116600000,100.0,99.8212,-0.1787999999999954,804,9.5,1,PASS,within tolerance
116700000,10.0,9.208499999999999,-0.791500000000001,1023,31.5,1,PASS,within tolerance
116700000,20.0,20.7146,0.7146000000000008,1023,25.5,1,PASS,within tolerance
116700000,30.0,29.4547,-0.545300000000001,1023,22.0,1,PASS,within tolerance
116700000,40.0,39.482000000000006,-0.5179999999999936,966,19.0,1,PASS,within tolerance
116700000,50.0,50.1117,0.11169999999999902,935,17.0,1,PASS,within tolerance
116700000,60.0,59.3056,-0.6944000000000017,821,14.0,2,PASS,within tolerance
116700000,70.0,69.9059,-0.09409999999999741,844,13.0,1,PASS,within tolerance
116700000,80.0,80.25970000000001,0.25970000000000937,820,11.5,1,PASS,within tolerance
116700000,90.0,89.8593,-0.14069999999999538,821,10.5,1,PASS,within tolerance
116700000,100.0,99.8814,-0.1186000000000007,804,9.5,1,PASS,within tolerance
116800000,10.0,10.6342,0.6341999999999999,1023,31.5,1,PASS,within tolerance
116800000,20.0,19.5734,-0.42660000000000053,1023,25.5,1,PASS,within tolerance
116800000,30.0,29.0088,-0.9911999999999992,1023,22.0,3,PASS,within tolerance
116800000,40.0,39.154300000000006,-0.8456999999999937,966,19.0,1,PASS,within tolerance
116800000,50.0,50.1124,0.11240000000000094,935,17.0,1,PASS,within tolerance
116800000,60.0,59.2841,-0.7158999999999978,821,14.0,1,PASS,within tolerance
116800000,70.0,69.8455,-0.15449999999999875,844,13.0,1,PASS,within tolerance
116800000,80.0,80.0218,0.02179999999999893,825,11.5,3,PASS,within tolerance
116800000,90.0,89.89869999999999,-0.10130000000000905,821,10.5,1,PASS,within tolerance
116800000,100.0,100.4785,0.4784999999999968,804,9.5,1,PASS,within tolerance
116900000,10.0,10.6233,0.6233000000000004,1023,31.5,1,PASS,within tolerance
116900000,20.0,19.825300000000002,-0.17469999999999786,1023,25.5,1,PASS,within tolerance
116900000,30.0,30.0278,0.02779999999999916,1023,22.0,1,PASS,within tolerance
116900000,40.0,39.7953,-0.20470000000000255,966,19.0,1,PASS,within tolerance
116900000,50.0,50.7002,0.7002000000000024,935,17.0,1,PASS,within tolerance
116900000,60.0,59.4891,-0.5108999999999995,821,14.0,1,PASS,within tolerance
116900000,70.0,69.3407,-0.6593000000000018,844,13.0,1,PASS,within tolerance
116900000,80.0,80.17580000000001,0.1758000000000095,825,11.5,1,PASS,within tolerance
116900000,90.0,89.1546,-0.8453999999999979,821,10.5,1,PASS,within tolerance
116900000,100.0,100.0543,0.054299999999997794,804,9.5,1,PASS,within tolerance
117000000,10.0,9.4615,-0.5385000000000009,1023,31.5,1,PASS,within tolerance
117000000,20.0,19.525199999999998,-0.4748000000000019,1023,25.5,1,PASS,within tolerance
117000000,30.0,29.178099999999997,-0.821900000000003,1023,22.0,3,PASS,within tolerance
117000000,40.0,39.9722,-0.02779999999999916,966,19.0,1,PASS,within tolerance
117000000,50.0,50.2765,0.27649999999999864,935,17.0,3,PASS,within tolerance
117000000,60.0,59.4543,-0.5456999999999965,821,14.0,1,PASS,within tolerance
117000000,70.0,69.7645,-0.23550000000000182,843,13.0,3,PASS,within tolerance
117000000,80.0,80.0313,0.03130000000000166,825,11.5,1,PASS,within tolerance
117000000,90.0,90.3207,0.3207000000000022,821,10.5,1,PASS,within tolerance
117000000,100.0,100.2971,0.29710000000000036,804,9.5,1,PASS,within tolerance
117100000,10.0,9.557599999999999,-0.442400000000001,1023,31.5,1,PASS,within tolerance
117100000,20.0,20.7848,0.7848000000000006,1023,25.5,1,PASS,within tolerance
117100000,30.0,29.8554,-0.1446000000000005,1023,22.0,1,PASS,within tolerance
117100000,40.0,39.849000000000004,-0.15099999999999625,966,19.0,1,PASS,within tolerance
117100000,50.0,49.3547,-0.6452999999999989,935,17.0,1,PASS,within tolerance
117100000,60.0,59.5399,-0.46009999999999707,821,14.0,1,PASS,within tolerance
117100000,70.0,69.6307,-0.3692999999999955,843,13.0,1,PASS,within tolerance
117100000,80.0,79.4178,-0.5822000000000003,811,11.5,2,PASS,within tolerance
117100000,90.0,90.4467,0.446700000000007,821,10.5,1,PASS,within tolerance
117100000,100.0,99.5668,-0.43319999999999936,804,9.5,1,PASS,within tolerance
117200000,10.0,9.699599999999998,-0.30040000000000155,1023,31.5,1,PASS,within tolerance
117200000,20.0,20.4411,0.4410999999999987,1023,25.5,1,PASS,within tolerance
117200000,30.0,29.428,-0.5719999999999992,1023,22.0,1,PASS,within tolerance
117200000,40.0,40.2591,0.25909999999999656,966,19.0,1,PASS,within tolerance
117200000,50.0,49.6991,-0.3008999999999986,935,17.0,1,PASS,within tolerance
117200000,60.0,59.0947,-0.9052999999999969,821,14.0,1,PASS,within tolerance
117200000,70.0,69.7782,-0.22180000000000177,859,13.0,2,PASS,within tolerance
117200000,80.0,79.9542,-0.04579999999999984,811,11.5,1,PASS,within tolerance
117200000,90.0,89.636,-0.3640000000000043,821,10.5,1,PASS,within tolerance
117200000,100.0,100.08019999999999,0.08019999999999072,804,9.5,1,PASS,within tolerance
117300000,10.0,9.494900000000001,-0.5050999999999988,1023,31.5,1,PASS,within tolerance
117300000,20.0,19.6408,-0.3592000000000013,1023,25.5,1,PASS,within tolerance
117300000,30.0,30.6571,0.6570999999999998,1023,21.5,2,PASS,within tolerance
117300000,40.0,39.240700000000004,-0.7592999999999961,939,19.0,2,PASS,within tolerance
117300000,50.0,50.0272,0.027200000000000557,935,17.0,1,PASS,within tolerance
117300000,60.0,59.6316,-0.36840000000000117,821,14.0,1,PASS,within tolerance
117300000,70.0,69.7891,-0.2108999999999952,846,13.0,2,PASS,within tolerance
117300000,80.0,80.2302,0.2301999999999964,822,11.5,2,PASS,within tolerance
117300000,90.0,90.3743,0.3743000000000052,821,10.5,1,PASS,within tolerance
117300000,100.0,99.0647,-0.935299999999998,796,9.5,2,PASS,within tolerance
117400000,10.0,10.908299999999999,0.9082999999999988,1023,30.5,2,PASS,within tolerance
117400000,20.0,19.795099999999998,-0.20490000000000208,1023,25.5,1,PASS,within tolerance
117400000,30.0,29.4527,-0.5472999999999999,1023,22.0,2,PASS,within tolerance
117400000,40.0,39.527300000000004,-0.4726999999999961,939,19.0,1,PASS,within tolerance
117400000,50.0,50.5419,0.5418999999999983,935,17.0,1,PASS,within tolerance
117400000,60.0,59.045300000000005,-0.9546999999999954,821,14.0,1,PASS,within tolerance
117400000,70.0,69.80550000000001,-0.1944999999999908,846,13.0,1,PASS,within tolerance
117400000,80.0,80.7817,0.7817000000000007,822,11.5,1,PASS,within tolerance
117400000,90.0,90.01729999999999,0.017299999999991655,821,10.5,1,PASS,within tolerance
117400000,100.0,99.56049999999999,-0.43950000000000955,796,9.5,1,PASS,within tolerance
117500000,10.0,10.5958,0.5958000000000006,1023,30.5,1,PASS,within tolerance
117500000,20.0,20.185499999999998,0.18549999999999756,1023,25.5,1,PASS,within tolerance
117500000,30.0,29.4116,-0.5884,1023,22.0,1,PASS,within tolerance
117500000,40.0,39.2841,-0.7158999999999978,939,19.0,1,PASS,within tolerance
117500000,50.0,50.683899999999994,0.6838999999999942,935,17.0,1,PASS,within tolerance
117500000,60.0,59.0214,-0.9786000000000001,821,14.0,1,PASS,within tolerance
117500000,70.0,69.4442,-0.555800000000005,846,13.0,1,PASS,within tolerance
117500000,80.0,80.5437,0.5437000000000012,822,11.5,1,PASS,within tolerance
117500000,90.0,90.0082,0.008200000000002206,821,10.5,1,PASS,within tolerance
117500000,100.0,99.84479999999999,-0.15520000000000778,796,9.5,1,PASS,within tolerance
117600000,10.0,10.954500000000001,0.9545000000000012,1023,30.5,1,PASS,within tolerance
117600000,20.0,20.297099999999997,0.2970999999999968,1023,25.5,1,PASS,within tolerance
117600000,30.0,29.476599999999998,-0.5234000000000023,1023,22.0,1,PASS,within tolerance
117600000,40.0,40.1046,0.1045999999999978,939,19.0,1,PASS,within tolerance
117600000,50.0,49.8303,-0.16969999999999885,935,17.0,1,PASS,within tolerance
117600000,60.0,59.8684,-0.13159999999999883,821,14.0,1,PASS,within tolerance
117600000,70.0,70.3834,0.38339999999999463,846,13.0,1,PASS,within tolerance
117600000,80.0,80.0102,0.010199999999997544,822,11.5,1,PASS,within tolerance
117600000,90.0,89.99029999999999,-0.009700000000009368,821,10.5,1,PASS,within tolerance
117600000,100.0,99.0381,-0.9619,796,9.5,1,PASS,within tolerance
117700000,10.0,9.7214,-0.27860000000000085,1023,31.5,2,PASS,within tolerance
117700000,20.0,19.935399999999998,-0.06460000000000221,1023,25.5,1,PASS,within tolerance
117700000,30.0,29.711000000000002,-0.2889999999999979,1023,22.0,3,PASS,within tolerance
117700000,40.0,40.332,0.33200000000000074,963,19.0,4,PASS,within tolerance
117700000,50.0,50.14,0.14000000000000057,935,17.0,1,PASS,within tolerance
117700000,60.0,59.0683,-0.9316999999999993,821,14.0,1,PASS,within tolerance
117700000,70.0,69.4616,-0.5383999999999958,846,13.0,1,PASS,within tolerance
117700000,80.0,80.8347,0.834699999999998,822,11.5,1,PASS,within tolerance
117700000,90.0,89.8253,-0.1747000000000014,821,10.5,1,PASS,within tolerance
117700000,100.0,99.7725,-0.22750000000000625,796,9.5,1,PASS,within tolerance
117800000,10.0,9.4909,-0.5091000000000001,1023,31.5,1,PASS,within tolerance
117800000,20.0,19.930300000000003,-0.06969999999999743,1023,25.5,1,PASS,within tolerance
117800000,30.0,29.4891,-0.5108999999999995,1023,22.0,1,PASS,within tolerance
117800000,40.0,39.543099999999995,-0.4569000000000045,963,19.0,1,PASS,within tolerance
117800000,50.0,49.5296,-0.47039999999999793,935,17.0,1,PASS,within tolerance
117800000,60.0,59.941300000000005,-0.058699999999994645,821,14.0,1,PASS,within tolerance
117800000,70.0,69.619,-0.3810000000000002,846,13.0,1,PASS,within tolerance
117800000,80.0,80.6605,0.660499999999999,822,11.5,1,PASS,within tolerance
117800000,90.0,90.94449999999999,0.9444999999999908,821,10.5,1,PASS,within tolerance
117800000,100.0,99.84179999999999,-0.1582000000000079,796,9.5,1,PASS,within tolerance
117900000,10.0,9.419500000000001,-0.5804999999999989,1023,31.5,1,PASS,within tolerance
117900000,20.0,19.6602,-0.3398000000000003,1023,25.5,1,PASS,within tolerance
117900000,30.0,29.2906,-0.7093999999999987,1023,22.0,3,PASS,within tolerance
117900000,40.0,39.2009,-0.7991000000000028,963,19.0,1,PASS,within tolerance
117900000,50.0,50.463300000000004,0.4633000000000038,935,17.0,1,PASS,within tolerance
117900000,60.0,59.1335,-0.866500000000002,821,14.0,1,PASS,within tolerance
117900000,70.0,69.4678,-0.5322000000000031,846,13.0,1,PASS,within tolerance
117900000,80.0,80.8231,0.8230999999999966,822,11.5,1,PASS,within tolerance
117900000,90.0,89.88119999999999,-0.11880000000000734,811,10.5,2,PASS,within tolerance
117900000,100.0,99.6514,-0.3486000000000047,796,9.5,1,PASS,within tolerance
118000000,10.0,9.520199999999999,-0.4798000000000009,1023,31.5,3,PASS,within tolerance
118000000,20.0,20.558699999999998,0.5586999999999982,1023,25.5,1,PASS,within tolerance
118000000,30.0,29.064799999999998,-0.9352000000000018,1023,22.0,3,PASS,within tolerance
118000000,40.0,40.890299999999996,0.8902999999999963,963,19.0,1,PASS,within tolerance
118000000,50.0,50.1494,0.14939999999999998,935,17.0,1,PASS,within tolerance
118000000,60.0,59.3232,-0.6768000000000001,821,14.0,1,PASS,within tolerance
118000000,70.0,69.6686,-0.33140000000000214,846,13.0,1,PASS,within tolerance
118000000,80.0,80.3059,0.30589999999999407,822,11.5,1,PASS,within tolerance
118000000,90.0,89.1989,-0.8011000000000053,811,10.5,1,PASS,within tolerance
118000000,100.0,99.7852,-0.21479999999999677,796,9.5,1,PASS,within tolerance
118100000,10.0,9.7109,-0.28909999999999947,1023,31.5,1,PASS,within tolerance
118100000,20.0,19.7105,-0.2895000000000003,1023,25.5,1,PASS,within tolerance
118100000,30.0,29.1444,-0.855599999999999,1023,22.0,1,PASS,within tolerance
118100000,40.0,39.7376,-0.2623999999999995,963,19.0,1,PASS,within tolerance
118100000,50.0,50.549499999999995,0.5494999999999948,938,17.0,5,PASS,within tolerance
118100000,60.0,59.7412,-0.2588000000000008,821,14.0,1,PASS,within tolerance
118100000,70.0,70.5027,0.5027000000000044,846,13.0,1,PASS,within tolerance
118100000,80.0,80.7924,0.7924000000000007,822,11.5,1,PASS,within tolerance
118100000,90.0,90.8738,0.8738000000000028,822,10.5,2,PASS,within tolerance
118100000,100.0,100.6807,0.6807000000000016,804,9.5,2,PASS,within tolerance
118200000,10.0,9.9336,-0.06639999999999979,1023,31.5,1,PASS,within tolerance
118200000,20.0,20.666400000000003,0.666400000000003,1023,25.5,1,PASS,within tolerance
118200000,30.0,29.4991,-0.5009000000000015,1023,22.0,3,PASS,within tolerance
118200000,40.0,39.9136,-0.08639999999999759,963,19.0,1,PASS,within tolerance
118200000,50.0,50.3184,0.3183999999999969,938,17.0,1,PASS,within tolerance
118200000,60.0,59.1989,-0.8010999999999981,821,14.0,1,PASS,within tolerance
118200000,70.0,70.65249999999999,0.6524999999999892,846,13.0,1,PASS,within tolerance
118200000,80.0,80.7094,0.7094000000000023,822,11.5,1,PASS,within tolerance
118200000,90.0,90.81880000000001,0.8188000000000102,822,10.5,1,PASS,within tolerance
118200000,100.0,99.939,-0.06100000000000705,804,9.5,1,PASS,within tolerance
118300000,10.0,10.0182,0.018200000000000216,1023,31.5,1,PASS,within tolerance
118300000,20.0,20.3536,0.35360000000000014,1023,25.5,1,PASS,within tolerance
118300000,30.0,30.0118,0.01180000000000092,1023,21.5,4,PASS,within tolerance
118300000,40.0,40.4232,0.42320000000000135,963,19.0,1,PASS,within tolerance
118300000,50.0,49.967200000000005,-0.03279999999999461,916,17.0,2,PASS,within tolerance
118300000,60.0,59.274899999999995,-0.7251000000000047,821,14.0,1,PASS,within tolerance
118300000,70.0,69.2901,-0.7099000000000046,846,13.0,1,PASS,within tolerance
118300000,80.0,80.863,0.8629999999999995,822,11.5,1,PASS,within tolerance
118300000,90.0,90.22479999999999,0.22479999999998768,822,10.5,1,PASS,within tolerance
118300000,100.0,100.6088,0.6088000000000022,804,9.5,1,PASS,within tolerance
118400000,10.0,9.594999999999999,-0.40500000000000114,1023,31.5,1,PASS,within tolerance
118400000,20.0,19.7214,-0.27860000000000085,1023,25.5,1,PASS,within tolerance
118400000,30.0,29.3473,-0.6526999999999994,1023,22.0,4,PASS,within tolerance
118400000,40.0,40.9502,0.9502000000000024,963,19.0,1,PASS,within tolerance
118400000,50.0,49.5407,-0.45929999999999893,916,17.0,1,PASS,within tolerance
118400000,60.0,59.6691,-0.33089999999999975,821,14.0,1,PASS,within tolerance
118400000,70.0,69.6492,-0.35080000000000666,846,13.0,1,PASS,within tolerance
118400000,80.0,80.9627,0.9626999999999981,822,11.5,1,PASS,within tolerance
118400000,90.0,90.83869999999999,0.8386999999999887,822,10.5,1,PASS,within tolerance
118400000,100.0,100.0361,0.036100000000004684,804,9.5,1,PASS,within tolerance
118500000,10.0,9.7184,-0.2815999999999992,1023,31.5,1,PASS,within tolerance
118500000,20.0,20.3314,0.3313999999999986,1023,25.5,1,PASS,within tolerance
118500000,30.0,30.011300000000002,0.011300000000002086,1023,22.0,1,PASS,within tolerance
118500000,40.0,40.7711,0.771099999999997,963,19.0,1,PASS,within tolerance
118500000,50.0,49.927600000000005,-0.07239999999999469,916,17.0,1,PASS,within tolerance
118500000,60.0,60.0312,0.03119999999999834,821,14.0,1,PASS,within tolerance
118500000,70.0,69.8267,-0.17329999999999757,846,13.0,1,PASS,within tolerance
118500000,80.0,79.8146,-0.18540000000000134,818,11.5,3,PASS,within tolerance
118500000,90.0,90.3928,0.39279999999999404,822,10.5,1,PASS,within tolerance
118500000,100.0,99.3065,-0.6935000000000002,793,9.5,2,PASS,within tolerance
118600000,10.0,9.3238,-0.6761999999999997,1023,31.5,1,PASS,within tolerance
118600000,20.0,19.765600000000003,-0.23439999999999728,1023,25.5,1,PASS,within tolerance
118600000,30.0,29.2115,-0.7884999999999991,1023,22.0,1,PASS,within tolerance
118600000,40.0,40.920199999999994,0.9201999999999941,963,19.0,1,PASS,within tolerance
118600000,50.0,50.2612,0.2612000000000023,916,17.0,1,PASS,within tolerance
118600000,60.0,59.6306,-0.36939999999999884,821,14.0,1,PASS,within tolerance
118600000,70.0,70.11280000000001,0.11280000000000712,846,13.0,1,PASS,within tolerance
118600000,80.0,80.9115,0.9115000000000038,818,11.5,1,PASS,within tolerance
118600000,90.0,90.6962,0.6962000000000046,822,10.5,1,PASS,within tolerance
118600000,100.0,99.3874,-0.6126000000000005,793,9.5,1,PASS,within tolerance
118700000,10.0,10.7071,0.7071000000000005,1023,31.5,1,PASS,within tolerance
118700000,20.0,20.383200000000002,0.3832000000000022,1023,25.5,1,PASS,within tolerance
118700000,30.0,29.5576,-0.44239999999999924,1023,22.0,1,PASS,within tolerance
118700000,40.0,40.4634,0.46340000000000003,963,19.0,1,PASS,within tolerance
118700000,50.0,50.0373,0.03730000000000189,916,17.0,3,PASS,within tolerance
118700000,60.0,59.699299999999994,-0.3007000000000062,821,14.0,1,PASS,within tolerance
118700000,70.0,69.6895,-0.31050000000000466,859,13.0,2,PASS,within tolerance
118700000,80.0,80.2546,0.2545999999999964,818,11.5,1,PASS,within tolerance
118700000,90.0,90.4813,0.4813000000000045,822,10.5,1,PASS,within tolerance
118700000,100.0,99.5763,-0.42369999999999663,793,9.5,1,PASS,within tolerance
118800000,10.0,10.8444,0.8444000000000003,1023,30.5,2,PASS,within tolerance
118800000,20.0,20.154600000000002,0.15460000000000207,1023,25.5,1,PASS,within tolerance
118800000,30.0,29.586299999999998,-0.4137000000000022,1023,22.0,1,PASS,within tolerance
118800000,40.0,39.4638,-0.5362000000000009,963,19.0,1,PASS,within tolerance
118800000,50.0,50.376,0.37599999999999767,937,17.0,4,PASS,within tolerance
118800000,60.0,59.8114,-0.188600000000001,826,14.0,3,PASS,within tolerance
118800000,70.0,69.857,-0.14300000000000068,841,13.0,8,PASS,within tolerance
118800000,80.0,80.90419999999999,0.9041999999999888,818,11.5,1,PASS,within tolerance
118800000,90.0,90.2615,0.26149999999999807,822,10.5,1,PASS,within tolerance
118800000,100.0,99.3421,-0.6578999999999979,793,9.5,3,PASS,within tolerance
118900000,10.0,10.574,0.5739999999999998,1023,31.5,2,PASS,within tolerance
118900000,20.0,19.2725,-0.7274999999999991,1023,25.5,1,PASS,within tolerance
118900000,30.0,29.3063,-0.6936999999999998,1023,22.0,1,PASS,within tolerance
118900000,40.0,40.7188,0.7188000000000017,963,19.0,1,PASS,within tolerance
118900000,50.0,50.474900000000005,0.4749000000000052,937,17.0,1,PASS,within tolerance
118900000,60.0,60.0802,0.08019999999999783,826,14.0,1,PASS,within tolerance
118900000,70.0,70.5213,0.5212999999999965,854,13.0,2,PASS,within tolerance
118900000,80.0,80.8663,0.8662999999999954,818,11.5,1,PASS,within tolerance
118900000,90.0,90.57709999999999,0.5770999999999873,822,10.5,1,PASS,within tolerance
118900000,100.0,99.98849999999999,-0.011500000000012278,802,9.5,2,PASS,within tolerance
119000000,10.0,9.932,-0.06799999999999962,1023,31.5,1,PASS,within tolerance
119000000,20.0,19.898,-0.10200000000000031,1023,25.5,1,PASS,within tolerance
119000000,30.0,29.0173,-0.9827000000000012,1023,22.0,1,PASS,within tolerance
119000000,40.0,39.5585,-0.4414999999999978,963,19.0,1,PASS,within tolerance
119000000,50.0,50.0315,0.031500000000001194,937,17.0,1,PASS,within tolerance
119000000,60.0,59.1544,-0.8455999999999975,826,14.0,1,PASS,within tolerance
119000000,70.0,70.32239999999999,0.3223999999999876,854,13.0,1,PASS,within tolerance
119000000,80.0,80.53920000000001,0.5392000000000081,818,11.5,1,PASS,within tolerance
119000000,90.0,90.0022,0.002200000000001978,822,10.5,1,PASS,within tolerance
119000000,100.0,100.2215,0.22150000000000603,800,9.5,3,PASS,within tolerance
119100000,10.0,9.3519,-0.6480999999999995,1023,31.5,1,PASS,within tolerance
119100000,20.0,20.105600000000003,0.10560000000000258,1023,25.5,1,PASS,within tolerance
119100000,30.0,29.2137,-0.7863000000000007,1023,22.0,1,PASS,within tolerance
119100000,40.0,40.9204,0.9204000000000008,963,19.0,1,PASS,within tolerance
119100000,50.0,50.5701,0.5700999999999965,937,17.0,1,PASS,within tolerance
119100000,60.0,60.1569,0.15690000000000026,826,14.0,1,PASS,within tolerance
119100000,70.0,70.4174,0.41740000000000066,854,13.0,1,PASS,within tolerance
119100000,80.0,80.6334,0.6333999999999946,818,11.5,1,PASS,within tolerance
119100000,90.0,89.8737,-0.12630000000000052,817,10.5,3,PASS,within tolerance
119100000,100.0,100.0984,0.09839999999999804,800,9.5,1,PASS,within tolerance
119200000,10.0,9.3707,-0.6293000000000006,1023,31.5,1,PASS,within tolerance
119200000,20.0,19.6869,-0.3130999999999986,1023,25.5,4,PASS,within tolerance
119200000,30.0,30.1145,0.1144999999999996,1023,22.0,1,PASS,within tolerance
119200000,40.0,40.1776,0.1775999999999982,963,19.0,1,PASS,within tolerance
119200000,50.0,50.4225,0.42249999999999943,937,17.0,1,PASS,within tolerance
119200000,60.0,60.428999999999995,0.42899999999999494,826,14.0,1,PASS,within tolerance
119200000,70.0,70.50720000000001,0.5072000000000116,854,13.0,1,PASS,within tolerance
119200000,80.0,80.2214,0.2214000000000027,818,11.5,1,PASS,within tolerance
119200000,90.0,89.36280000000001,-0.6371999999999929,817,10.5,1,PASS,within tolerance
119200000,100.0,99.83789999999999,-0.16210000000000946,800,9.5,1,PASS,within tolerance
119300000,10.0,9.158100000000001,-0.841899999999999,1023,31.5,1,PASS,within tolerance
119300000,20.0,20.1945,0.19450000000000145,1023,25.5,1,PASS,within tolerance
119300000,30.0,29.4363,-0.5637000000000008,1023,22.0,1,PASS,within tolerance
119300000,40.0,40.326,0.3260000000000005,963,19.0,1,PASS,within tolerance
119300000,50.0,50.1317,0.13170000000000215,937,17.0,1,PASS,within tolerance
119300000,60.0,59.019000000000005,-0.9809999999999945,826,14.0,1,PASS,within tolerance
119300000,70.0,70.5812,0.5811999999999955,854,13.0,1,PASS,within tolerance
119300000,80.0,80.65020000000001,0.6502000000000123,818,11.5,1,PASS,within tolerance
119300000,90.0,90.4467,0.446700000000007,817,10.5,1,PASS,within tolerance
119300000,100.0,99.59179999999999,-0.4082000000000079,800,9.5,1,PASS,within tolerance
119400000,10.0,9.409,-0.5909999999999993,1023,31.5,1,PASS,within tolerance
119400000,20.0,19.572499999999998,-0.427500000000002,1023,25.5,1,PASS,within tolerance
119400000,30.0,29.513399999999997,-0.4866000000000028,1023,22.0,1,PASS,within tolerance
119400000,40.0,39.1362,-0.8637999999999977,963,19.5,2,PASS,within tolerance
119400000,50.0,50.6454,0.6454000000000022,937,17.0,1,PASS,within tolerance
119400000,60.0,60.0324,0.03240000000000265,826,14.0,1,PASS,within tolerance
119400000,70.0,70.13170000000001,0.13170000000000925,854,13.0,1,PASS,within tolerance
119400000,80.0,80.3368,0.33679999999999666,818,11.5,1,PASS,within tolerance
119400000,90.0,90.0437,0.04370000000000118,817,10.5,1,PASS,within tolerance
119400000,100.0,99.8515,-0.14849999999999852,800,9.5,1,PASS,within tolerance
119500000,10.0,9.6528,-0.34720000000000084,1023,31.5,1,PASS,within tolerance
119500000,20.0,20.252,0.2519999999999989,1023,25.5,1,PASS,within tolerance
119500000,30.0,29.7711,-0.22889999999999944,1023,22.0,3,PASS,within tolerance
119500000,40.0,40.1516,0.15160000000000196,963,19.0,2,PASS,within tolerance
119500000,50.0,49.477399999999996,-0.5226000000000042,937,17.0,1,PASS,within tolerance
119500000,60.0,60.8626,0.8626000000000005,826,14.0,1,PASS,within tolerance
119500000,70.0,70.56700000000001,0.5670000000000073,854,13.0,1,PASS,within tolerance
119500000,80.0,80.02470000000001,0.024700000000009936,818,11.5,1,PASS,within tolerance
119500000,90.0,89.86370000000001,-0.13629999999999143,817,10.5,1,PASS,within tolerance
119500000,100.0,99.9627,-0.03730000000000189,800,9.5,1,PASS,within tolerance
119600000,10.0,9.8911,-0.10890000000000022,1023,31.5,1,PASS,within tolerance
119600000,20.0,20.7187,0.7186999999999983,1023,25.5,1,PASS,within tolerance
119600000,30.0,30.0137,0.013700000000000045,1023,22.0,3,PASS,within tolerance
119600000,40.0,39.543,-0.45700000000000074,963,19.0,1,PASS,within tolerance
119600000,50.0,49.4916,-0.5084000000000017,937,17.0,1,PASS,within tolerance
119600000,60.0,59.8639,-0.136099999999999,826,14.0,1,PASS,within tolerance
119600000,70.0,70.37559999999999,0.3755999999999915,854,13.0,1,PASS,within tolerance
119600000,80.0,79.8846,-0.11539999999999395,818,11.5,1,PASS,within tolerance
119600000,90.0,89.8788,-0.12120000000000175,817,10.5,1,PASS,within tolerance
119600000,100.0,100.01259999999999,0.012599999999991951,800,9.5,1,PASS,within tolerance
119700000,10.0,10.604000000000001,0.604000000000001,1023,31.5,1,PASS,within tolerance
119700000,20.0,20.1744,0.17439999999999856,1023,25.5,1,PASS,within tolerance
119700000,30.0,30.110999999999997,0.1109999999999971,1023,22.0,1,PASS,within tolerance
119700000,40.0,39.9379,-0.06210000000000093,963,19.0,1,PASS,within tolerance
119700000,50.0,50.836800000000004,0.8368000000000038,937,17.0,1,PASS,within tolerance
119700000,60.0,60.284,0.2839999999999989,826,14.0,1,PASS,within tolerance
119700000,70.0,69.101,-0.8990000000000009,842,13.0,2,PASS,within tolerance
119700000,80.0,80.5465,0.5464999999999947,818,11.5,1,PASS,within tolerance
119700000,90.0,89.0137,-0.9863,817,10.5,1,PASS,within tolerance
119700000,100.0,99.5346,-0.4654000000000025,800,9.5,1,PASS,within tolerance
119800000,10.0,9.0613,-0.9387000000000008,1023,31.5,1,PASS,within tolerance
119800000,20.0,19.6836,-0.31640000000000157,1023,25.5,1,PASS,within tolerance
119800000,30.0,29.1369,-0.8630999999999993,1023,22.0,1,PASS,within tolerance
119800000,40.0,40.4942,0.4941999999999993,963,19.0,1,PASS,within tolerance
119800000,50.0,50.1806,0.18059999999999832,937,17.0,1,PASS,within tolerance
119800000,60.0,59.153200000000005,-0.8467999999999947,826,14.0,1,PASS,within tolerance
119800000,70.0,69.6281,-0.37189999999999657,842,13.0,1,PASS,within tolerance
119800000,80.0,80.1341,0.13410000000000366,818,11.5,1,PASS,within tolerance
119800000,90.0,90.0752,0.07519999999999527,817,10.5,1,PASS,within tolerance
119800000,100.0,100.7251,0.7250999999999976,800,9.5,1,PASS,within tolerance
119900000,10.0,9.7407,-0.25929999999999964,1023,31.5,1,PASS,within tolerance
119900000,20.0,20.2077,0.2076999999999991,1023,25.5,1,PASS,within tolerance
119900000,30.0,29.9295,-0.07049999999999912,1023,21.5,2,PASS,within tolerance
119900000,40.0,39.7924,-0.20759999999999934,963,19.0,1,PASS,within tolerance
119900000,50.0,49.300799999999995,-0.6992000000000047,937,17.0,1,PASS,within tolerance
119900000,60.0,59.7977,-0.20230000000000103,826,14.0,1,PASS,within tolerance
119900000,70.0,70.5357,0.5357000000000056,859,13.0,2,PASS,within tolerance
119900000,80.0,79.94800000000001,-0.0519999999999925,818,11.5,1,PASS,within tolerance
119900000,90.0,90.16409999999999,0.1640999999999906,817,10.5,1,PASS,within tolerance
119900000,100.0,100.5808,0.5807999999999964,800,9.5,1,PASS,within tolerance
120000000,10.0,9.753,-0.2469999999999999,1023,31.5,1,PASS,within tolerance
120000000,20.0,20.0269,0.026900000000001256,1023,25.5,1,PASS,within tolerance
120000000,30.0,30.3811,0.3811,1023,21.5,5,PASS,within tolerance
120000000,40.0,40.961600000000004,0.9616000000000042,963,19.0,1,PASS,within tolerance
120000000,50.0,50.6094,0.6094000000000008,937,17.0,1,PASS,within tolerance
120000000,60.0,59.7831,-0.21690000000000254,826,14.0,1,PASS,within tolerance
120000000,70.0,69.33359999999999,-0.6664000000000101,841,13.0,2,PASS,within tolerance
120000000,80.0,79.78359999999999,-0.21640000000000725,818,11.5,1,PASS,within tolerance
120000000,90.0,89.6817,-0.3182999999999936,817,10.5,1,PASS,within tolerance
120000000,100.0,100.8659,0.8658999999999963,800,9.5,1,PASS,within tolerance
120100000,10.0,9.409600000000001,-0.5903999999999989,1023,31.5,1,PASS,within tolerance
120100000,20.0,20.5814,0.5813999999999986,1023,25.5,1,PASS,within tolerance
120100000,30.0,29.5108,-0.4892000000000003,1023,22.0,2,PASS,within tolerance
120100000,40.0,39.1276,-0.872399999999999,963,19.0,1,PASS,within tolerance
120100000,50.0,49.751200000000004,-0.2487999999999957,937,17.0,1,PASS,within tolerance
120100000,60.0,59.6318,-0.36820000000000164,826,14.0,1,PASS,within tolerance
120100000,70.0,69.4403,-0.5597000000000065,841,13.0,1,PASS,within tolerance
120100000,80.0,80.6705,0.6705000000000041,818,11.5,1,PASS,within tolerance
120100000,90.0,90.55770000000001,0.5577000000000112,819,10.5,3,PASS,within tolerance
120100000,100.0,99.6741,-0.3259000000000043,800,9.5,1,PASS,within tolerance
120200000,10.0,10.5322,0.5321999999999996,1023,31.5,3,PASS,within tolerance
120200000,20.0,19.9706,-0.029399999999998983,1023,25.5,1,PASS,within tolerance
120200000,30.0,29.581300000000002,-0.41869999999999763,1023,22.0,1,PASS,within tolerance
120200000,40.0,40.3618,0.36180000000000234,963,19.0,1,PASS,within tolerance
120200000,50.0,49.1373,-0.8626999999999967,933,17.0,3,PASS,within tolerance
120200000,60.0,59.900299999999994,-0.09970000000000567,826,14.0,1,PASS,within tolerance
120200000,70.0,70.85940000000001,0.8594000000000079,858,13.0,2,PASS,within tolerance
120200000,80.0,80.1672,0.16719999999999402,818,11.5,1,PASS,within tolerance
120200000,90.0,90.09540000000001,0.09540000000001214,819,10.5,1,PASS,within tolerance
120200000,100.0,100.1683,0.16830000000000211,800,9.5,1,PASS,within tolerance
120300000,10.0,9.7669,-0.2331000000000003,1023,31.5,1,PASS,within tolerance
120300000,20.0,20.055400000000002,0.055400000000002336,1023,25.5,1,PASS,within tolerance
120300000,30.0,29.813,-0.18700000000000117,1023,22.0,1,PASS,within tolerance
120300000,40.0,39.6301,-0.36990000000000123,963,19.0,1,PASS,within tolerance
120300000,50.0,50.645999999999994,0.6459999999999937,933,17.0,1,PASS,within tolerance
120300000,60.0,60.8904,0.8903999999999996,826,14.0,1,PASS,within tolerance
120300000,70.0,70.70129999999999,0.7012999999999892,858,13.0,1,PASS,within tolerance
120300000,80.0,80.0591,0.05910000000000082,818,11.5,1,PASS,within tolerance
120300000,90.0,89.5605,-0.43949999999999534,819,10.5,1,PASS,within tolerance
120300000,100.0,99.9899,-0.010099999999994225,800,9.5,1,PASS,within tolerance
120400000,10.0,10.132499999999999,0.1324999999999985,1023,31.5,1,PASS,within tolerance
120400000,20.0,20.130599999999998,0.1305999999999976,1023,25.5,1,PASS,within tolerance
120400000,30.0,29.0025,-0.9974999999999987,1023,22.0,1,PASS,within tolerance
120400000,40.0,40.7211,0.7210999999999999,963,19.0,1,PASS,within tolerance
120400000,50.0,49.8681,-0.13190000000000168,933,17.0,1,PASS,within tolerance
120400000,60.0,59.4655,-0.5345000000000013,826,14.0,1,PASS,within tolerance
120400000,70.0,70.8095,0.8094999999999999,858,13.0,1,PASS,within tolerance
120400000,80.0,80.5574,0.5574000000000012,818,11.5,1,PASS,within tolerance
120400000,90.0,90.173,0.17300000000000182,819,10.5,1,PASS,within tolerance
120400000,100.0,99.67779999999999,-0.32220000000000937,800,9.5,1,PASS,within tolerance
120500000,10.0,10.0,0.0,1023,31.5,1,PASS,within tolerance
120500000,20.0,19.973100000000002,-0.026899999999997704,1023,25.5,1,PASS,within tolerance
120500000,30.0,29.4619,-0.5381,1023,22.0,3,PASS,within tolerance
120500000,40.0,39.8148,-0.1852000000000018,963,19.0,1,PASS,within tolerance
120500000,50.0,50.7642,0.7642000000000024,933,17.0,1,PASS,within tolerance
120500000,60.0,59.762299999999996,-0.2377000000000038,826,14.0,1,PASS,within tolerance
120500000,70.0,70.35520000000001,0.3552000000000106,858,13.0,1,PASS,within tolerance
120500000,80.0,80.0056,0.00560000000000116,818,11.5,1,PASS,within tolerance
120500000,90.0,89.96079999999999,-0.03920000000000812,819,10.5,1,PASS,within tolerance
120500000,100.0,100.12010000000001,0.12010000000000787,800,9.5,1,PASS,within tolerance
120600000,10.0,10.092600000000001,0.0926000000000009,1023,31.5,1,PASS,within tolerance
120600000,20.0,19.7073,-0.29269999999999996,1023,25.5,1,PASS,within tolerance
120600000,30.0,29.5913,-0.4086999999999996,1023,22.0,1,PASS,within tolerance
120600000,40.0,39.7507,-0.24929999999999808,963,19.0,1,PASS,within tolerance
120600000,50.0,50.2906,0.29059999999999775,933,17.0,1,PASS,within tolerance
120600000,60.0,59.575900000000004,-0.4240999999999957,826,14.0,1,PASS,within tolerance
120600000,70.0,70.9764,0.9763999999999982,858,13.0,1,PASS,within tolerance
120600000,80.0,79.8835,-0.11650000000000205,818,11.5,1,PASS,within tolerance
120600000,90.0,90.2671,0.2670999999999992,819,10.5,1,PASS,within tolerance
120600000,100.0,99.9045,-0.09550000000000125,800,9.5,1,PASS,within tolerance
120700000,10.0,10.2798,0.2797999999999998,1023,31.5,1,PASS,within tolerance
120700000,20.0,20.6605,0.660499999999999,1023,25.5,1,PASS,within tolerance
120700000,30.0,29.0929,-0.9070999999999998,1023,22.0,1,PASS,within tolerance
120700000,40.0,40.3461,0.34609999999999985,963,19.0,1,PASS,within tolerance
120700000,50.0,50.1201,0.12010000000000076,933,17.0,1,PASS,within tolerance
120700000,60.0,60.2304,0.23040000000000305,826,14.0,1,PASS,within tolerance
120700000,70.0,70.42020000000001,0.42020000000000834,858,13.0,1,PASS,within tolerance
120700000,80.0,80.47120000000001,0.4712000000000103,818,11.5,1,PASS,within tolerance
120700000,90.0,90.3339,0.33389999999999986,819,10.5,1,PASS,within tolerance
120700000,100.0,99.87020000000001,-0.1297999999999888,800,9.5,1,PASS,within tolerance
120800000,10.0,9.3095,-0.6905000000000001,1023,31.5,1,PASS,within tolerance
120800000,20.0,20.127599999999997,0.1275999999999975,1023,25.5,1,PASS,within tolerance
120800000,30.0,30.0773,0.07730000000000103,1023,21.5,2,PASS,within tolerance
120800000,40.0,39.575199999999995,-0.42480000000000473,963,19.0,1,PASS,within tolerance
120800000,50.0,50.608,0.607999999999997,933,17.0,1,PASS,within tolerance
120800000,60.0,59.8567,-0.14330000000000354,832,14.0,3,PASS,within tolerance
120800000,70.0,70.8056,0.8055999999999983,858,13.0,1,PASS,within tolerance
120800000,80.0,79.43740000000001,-0.5625999999999891,818,11.5,1,PASS,within tolerance
120800000,90.0,90.2004,0.2004000000000019,819,10.5,1,PASS,within tolerance
120800000,100.0,99.41709999999999,-0.5829000000000093,800,9.5,1,PASS,within tolerance
120900000,10.0,10.175099999999999,0.1750999999999987,1023,31.5,1,PASS,within tolerance
120900000,20.0,19.8829,-0.11710000000000065,1023,25.5,1,PASS,within tolerance
120900000,30.0,30.8079,0.8079000000000001,1023,21.5,1,PASS,within tolerance
120900000,40.0,40.0657,0.06569999999999965,963,19.0,1,PASS,within tolerance
120900000,50.0,50.1798,0.17980000000000018,933,17.0,1,PASS,within tolerance
120900000,60.0,60.4841,0.484099999999998,832,14.0,1,PASS,within tolerance
120900000,70.0,70.1618,0.1617999999999995,858,13.0,1,PASS,within tolerance
120900000,80.0,79.7867,-0.21330000000000382,818,11.5,1,PASS,within tolerance
120900000,90.0,89.4607,-0.5392999999999972,819,10.5,1,PASS,within tolerance
120900000,100.0,100.5224,0.5224000000000046,800,9.5,1,PASS,within tolerance
121000000,10.0,10.3196,0.31959999999999944,1023,31.5,1,PASS,within tolerance
121000000,20.0,20.516199999999998,0.5161999999999978,1023,25.5,1,PASS,within tolerance
121000000,30.0,29.1814,-0.8186,1023,22.0,2,PASS,within tolerance
121000000,40.0,39.5402,-0.4598000000000013,963,19.0,1,PASS,within tolerance
121000000,50.0,49.230500000000006,-0.7694999999999936,869,16.5,5,PASS,within tolerance
121000000,60.0,60.722,0.7220000000000013,832,14.0,1,PASS,within tolerance
121000000,70.0,70.2972,0.2972000000000037,858,13.0,1,PASS,within tolerance
121000000,80.0,79.5182,-0.4818000000000069,818,11.5,1,PASS,within tolerance
121000000,90.0,89.3223,-0.6777000000000015,819,10.5,1,PASS,within tolerance
121000000,100.0,99.55160000000001,-0.44839999999999236,800,9.5,1,PASS,within tolerance
121100000,10.0,10.9525,0.9525000000000006,1023,30.5,2,PASS,within tolerance
121100000,20.0,20.2456,0.2455999999999996,1023,25.5,1,PASS,within tolerance
121100000,30.0,29.5961,-0.40390000000000015,1023,22.0,3,PASS,within tolerance
121100000,40.0,40.3681,0.3680999999999983,963,19.0,1,PASS,within tolerance
121100000,50.0,49.3284,-0.671599999999998,869,16.5,1,PASS,within tolerance
121100000,60.0,60.125,0.125,832,14.0,1,PASS,within tolerance
121100000,70.0,69.86399999999999,-0.1360000000000099,858,13.0,1,PASS,within tolerance
121100000,80.0,79.29,-0.7099999999999937,818,11.5,1,PASS,within tolerance
121100000,90.0,90.519,0.5190000000000055,819,10.5,1,PASS,within tolerance
121100000,100.0,99.5733,-0.42669999999999675,800,9.5,1,PASS,within tolerance
121200000,10.0,10.6489,0.6488999999999994,1023,30.5,1,PASS,within tolerance
121200000,20.0,20.3296,0.3295999999999992,1023,25.5,1,PASS,within tolerance
121200000,30.0,29.5446,-0.4554000000000009,1023,22.0,3,PASS,within tolerance
121200000,40.0,39.4995,-0.5005000000000024,963,19.0,1,PASS,within tolerance
121200000,50.0,49.446,-0.554000000000002,869,16.5,1,PASS,within tolerance
121200000,60.0,60.043,0.04299999999999926,832,14.0,1,PASS,within tolerance
121200000,70.0,70.21239999999999,0.21239999999998815,858,13.0,1,PASS,within tolerance
121200000,80.0,79.8494,-0.15059999999999718,818,11.5,1,PASS,within tolerance
121200000,90.0,89.1997,-0.8002999999999929,819,10.5,1,PASS,within tolerance
121200000,100.0,99.2312,-0.7687999999999988,800,9.5,1,PASS,within tolerance
121300000,10.0,10.2446,0.24460000000000015,1023,30.5,1,PASS,within tolerance
121300000,20.0,19.7434,-0.25659999999999883,1023,25.5,5,PASS,within tolerance
121300000,30.0,29.3889,-0.6111000000000004,1023,22.0,3,PASS,within tolerance
121300000,40.0,40.3243,0.3243000000000009,963,19.0,1,PASS,within tolerance
121300000,50.0,49.843199999999996,-0.15680000000000405,890,16.5,2,PASS,within tolerance
121300000,60.0,60.800399999999996,0.8003999999999962,832,14.0,1,PASS,within tolerance
121300000,70.0,69.4239,-0.5760999999999967,845,13.0,2,PASS,within tolerance
121300000,80.0,80.96979999999999,0.9697999999999922,827,11.5,3,PASS,within tolerance
121300000,90.0,89.2667,-0.7332999999999998,819,10.5,1,PASS,within tolerance
121300000,100.0,99.12519999999999,-0.8748000000000076,800,9.5,1,PASS,within tolerance
121400000,10.0,10.7424,0.7424,1023,30.5,1,PASS,within tolerance
121400000,20.0,20.2558,0.2558000000000007,1023,25.5,1,PASS,within tolerance
121400000,30.0,29.428900000000002,-0.5710999999999977,1023,22.0,1,PASS,within tolerance
121400000,40.0,39.5665,-0.4335000000000022,963,19.0,1,PASS,within tolerance
121400000,50.0,49.4181,-0.5818999999999974,890,16.5,1,PASS,within tolerance
121400000,60.0,60.2882,0.28820000000000334,832,14.0,1,PASS,within tolerance
121400000,70.0,69.4404,-0.5596000000000032,845,13.0,1,PASS,within tolerance
121400000,80.0,79.58279999999999,-0.41720000000000823,814,11.5,2,PASS,within tolerance
121400000,90.0,90.9843,0.9843000000000046,830,10.5,2,PASS,within tolerance
121400000,100.0,99.5587,-0.44129999999999825,800,9.5,1,PASS,within tolerance
121500000,10.0,10.049900000000001,0.049900000000000944,1023,31.5,2,PASS,within tolerance
121500000,20.0,19.8081,-0.1919000000000004,1023,25.5,1,PASS,within tolerance
121500000,30.0,29.1627,-0.837299999999999,1023,22.0,1,PASS,within tolerance
121500000,40.0,40.2911,0.29110000000000014,963,19.0,1,PASS,within tolerance
121500000,50.0,50.3219,0.3218999999999994,890,16.5,1,PASS,within tolerance
121500000,60.0,59.705099999999995,-0.2949000000000055,832,14.0,1,PASS,within tolerance
121500000,70.0,69.4855,-0.5144999999999982,858,13.0,2,PASS,within tolerance
121500000,80.0,79.5566,-0.4433999999999969,821,11.5,3,PASS,within tolerance
121500000,90.0,90.9601,0.9600999999999971,831,10.5,3,PASS,within tolerance
121500000,100.0,99.7234,-0.27660000000000196,800,9.5,1,PASS,within tolerance
121600000,10.0,9.038300000000001,-0.9616999999999987,1023,31.5,1,PASS,within tolerance
121600000,20.0,20.8935,0.8934999999999995,1023,25.5,1,PASS,within tolerance
121600000,30.0,29.1436,-0.8564000000000007,1023,22.0,1,PASS,within tolerance
121600000,40.0,39.72,-0.28000000000000114,963,19.0,1,PASS,within tolerance
121600000,50.0,50.4084,0.4084000000000003,890,16.5,1,PASS,within tolerance
121600000,60.0,59.5336,-0.46640000000000015,832,14.0,1,PASS,within tolerance
121600000,70.0,70.1696,0.16960000000000264,858,13.0,1,PASS,within tolerance
121600000,80.0,80.009,0.009000000000000341,821,11.5,1,PASS,within tolerance
121600000,90.0,89.7666,-0.23340000000000316,821,10.5,2,PASS,within tolerance
121600000,100.0,100.1418,0.14180000000000348,810,9.5,4,PASS,within tolerance
121700000,10.0,9.902299999999999,-0.09770000000000145,1023,31.5,1,PASS,within tolerance
121700000,20.0,20.4075,0.40749999999999886,1023,25.5,1,PASS,within tolerance
121700000,30.0,29.4084,-0.5915999999999997,1023,22.0,3,PASS,within tolerance
121700000,40.0,39.6853,-0.314700000000002,963,19.0,1,PASS,within tolerance
121700000,50.0,49.296800000000005,-0.7031999999999954,890,16.5,1,PASS,within tolerance
121700000,60.0,59.498200000000004,-0.5017999999999958,832,14.0,1,PASS,within tolerance
121700000,70.0,70.6972,0.6971999999999952,858,13.0,1,PASS,within tolerance
121700000,80.0,80.9198,0.9197999999999951,821,11.5,1,PASS,within tolerance
121700000,90.0,89.6892,-0.3108000000000004,821,10.5,1,PASS,within tolerance
121700000,100.0,100.1119,0.11190000000000566,810,9.5,1,PASS,within tolerance
121800000,10.0,9.015,-0.9849999999999994,1023,31.5,1,PASS,within tolerance
121800000,20.0,20.259800000000002,0.25980000000000203,1023,25.5,1,PASS,within tolerance
121800000,30.0,30.5969,0.5969000000000015,1023,21.5,2,PASS,within tolerance
121800000,40.0,39.11450000000001,-0.8854999999999933,963,19.0,1,PASS,within tolerance
121800000,50.0,50.3912,0.39119999999999777,890,16.5,1,PASS,within tolerance
121800000,60.0,59.7438,-0.25619999999999976,832,14.0,1,PASS,within tolerance
121800000,70.0,69.7452,-0.254800000000003,858,13.0,1,PASS,within tolerance
121800000,80.0,79.9752,-0.024799999999999045,821,11.5,1,PASS,within tolerance
121800000,90.0,89.655,-0.34499999999999886,833,10.5,2,PASS,within tolerance
121800000,100.0,100.6028,0.602800000000002,810,9.5,1,PASS,within tolerance
121900000,10.0,9.7546,-0.24540000000000006,1023,31.5,1,PASS,within tolerance
121900000,20.0,19.0566,-0.9434000000000005,1023,25.5,1,PASS,within tolerance
121900000,30.0,29.2797,-0.7203000000000017,1023,22.0,2,PASS,within tolerance
121900000,40.0,39.609,-0.39099999999999824,963,19.0,1,PASS,within tolerance
121900000,50.0,50.8799,0.8798999999999992,890,16.5,1,PASS,within tolerance
121900000,60.0,59.6104,-0.3896000000000015,832,14.0,1,PASS,within tolerance
121900000,70.0,69.94640000000001,-0.05359999999998877,858,13.0,1,PASS,within tolerance
121900000,80.0,80.1567,0.15670000000000073,821,11.5,1,PASS,within tolerance
121900000,90.0,90.2709,0.2708999999999975,833,10.5,1,PASS,within tolerance
121900000,100.0,99.3353,-0.6646999999999963,810,9.5,1,PASS,within tolerance
122000000,10.0,9.8568,-0.14320000000000022,1023,31.5,1,PASS,within tolerance
122000000,20.0,20.436200000000003,0.43620000000000303,1023,25.5,1,PASS,within tolerance
122000000,30.0,29.1573,-0.8427000000000007,1023,22.0,1,PASS,within tolerance
122000000,40.0,39.2498,-0.7501999999999995,963,19.0,1,PASS,within tolerance
122000000,50.0,50.8712,0.8712000000000018,890,16.5,1,PASS,within tolerance
122000000,60.0,60.158,0.15800000000000125,832,14.0,1,PASS,within tolerance
122000000,70.0,70.47359999999999,0.4735999999999905,858,13.0,1,PASS,within tolerance
122000000,80.0,79.9174,-0.08259999999999934,821,11.5,1,PASS,within tolerance
122000000,90.0,90.5197,0.5197000000000003,833,10.5,1,PASS,within tolerance
122000000,100.0,100.194,0.19400000000000261,810,9.5,1,PASS,within tolerance
122100000,10.0,9.336,-0.6639999999999997,1023,31.5,1,PASS,within tolerance
122100000,20.0,19.386899999999997,-0.6131000000000029,1023,25.5,1,PASS,within tolerance
122100000,30.0,29.110899999999997,-0.8891000000000027,1023,22.0,1,PASS,within tolerance
122100000,40.0,39.7266,-0.2734000000000023,963,19.0,1,PASS,within tolerance
122100000,50.0,49.5028,-0.4971999999999994,890,16.5,1,PASS,within tolerance
122100000,60.0,60.542100000000005,0.5421000000000049,832,14.0,1,PASS,within tolerance
122100000,70.0,70.17869999999999,0.1786999999999921,858,13.0,1,PASS,within tolerance
122100000,80.0,79.1549,-0.8451000000000022,821,11.5,1,PASS,within tolerance
122100000,90.0,90.28179999999999,0.28179999999998984,833,10.5,1,PASS,within tolerance
122100000,100.0,99.6826,-0.31740000000000634,810,9.5,1,PASS,within tolerance
122200000,10.0,10.1175,0.11749999999999972,1023,31.5,1,PASS,within tolerance
122200000,20.0,19.6122,-0.3877999999999986,1023,25.5,1,PASS,within tolerance
122200000,30.0,29.331599999999998,-0.6684000000000019,1023,22.0,3,PASS,within tolerance
122200000,40.0,39.6766,-0.32339999999999947,963,19.0,1,PASS,within tolerance
122200000,50.0,50.2999,0.29990000000000094,890,16.5,1,PASS,within tolerance
122200000,60.0,59.7513,-0.24869999999999948,832,14.0,1,PASS,within tolerance
122200000,70.0,69.7822,-0.21779999999999688,858,13.0,1,PASS,within tolerance
122200000,80.0,80.154,0.15399999999999636,821,11.5,1,PASS,within tolerance
122200000,90.0,90.6134,0.6133999999999986,833,10.5,1,PASS,within tolerance
122200000,100.0,100.0958,0.095799999999997,810,9.5,1,PASS,within tolerance
122300000,10.0,10.6984,0.6983999999999995,1023,31.5,1,PASS,within tolerance
122300000,20.0,20.0463,0.046299999999998676,1023,25.5,1,PASS,within tolerance
122300000,30.0,29.0074,-0.9925999999999995,1023,22.0,3,PASS,within tolerance
122300000,40.0,39.575399999999995,-0.4246000000000052,963,19.0,1,PASS,within tolerance
122300000,50.0,50.4736,0.4735999999999976,911,16.5,2,PASS,within tolerance
122300000,60.0,60.711800000000004,0.7118000000000038,847,14.0,2,PASS,within tolerance
122300000,70.0,70.3592,0.3592000000000013,858,13.0,1,PASS,within tolerance
122300000,80.0,80.52810000000001,0.5281000000000091,821,11.5,1,PASS,within tolerance
122300000,90.0,89.7163,-0.28369999999999607,833,10.5,1,PASS,within tolerance
122300000,100.0,100.38130000000001,0.3813000000000102,810,9.5,1,PASS,within tolerance
122400000,10.0,9.2509,-0.7491000000000003,1023,31.5,1,PASS,within tolerance
122400000,20.0,19.024800000000003,-0.9751999999999974,1023,25.5,1,PASS,within tolerance
122400000,30.0,29.150100000000002,-0.8498999999999981,1023,22.0,1,PASS,within tolerance
122400000,40.0,39.0968,-0.9031999999999982,963,19.0,1,PASS,within tolerance
122400000,50.0,49.1392,-0.8607999999999976,889,16.5,2,PASS,within tolerance
122400000,60.0,60.3748,0.37480000000000047,847,14.0,1,PASS,within tolerance
122400000,70.0,69.911,-0.08899999999999864,858,13.0,1,PASS,within tolerance
122400000,80.0,79.0636,-0.9364000000000061,821,11.5,1,PASS,within tolerance
122400000,90.0,89.45939999999999,-0.540600000000012,824,10.5,3,PASS,within tolerance
122400000,100.0,100.24950000000001,0.24950000000001182,810,9.5,1,PASS,within tolerance
122500000,10.0,10.6305,0.6304999999999996,1023,31.5,1,PASS,within tolerance
122500000,20.0,19.547800000000002,-0.4521999999999977,1023,25.5,1,PASS,within tolerance
122500000,30.0,30.016299999999998,0.01629999999999754,1023,21.5,2,PASS,within tolerance
122500000,40.0,39.7999,-0.20009999999999906,963,19.0,1,PASS,within tolerance
122500000,50.0,49.4572,-0.5427999999999997,889,16.5,1,PASS,within tolerance
122500000,60.0,60.8819,0.8819000000000017,847,14.0,1,PASS,within tolerance
122500000,70.0,69.47409999999999,-0.5259000000000071,858,13.0,1,PASS,within tolerance
122500000,80.0,79.7971,-0.20289999999999964,821,11.5,1,PASS,within tolerance
122500000,90.0,89.90090000000001,-0.09909999999999286,824,10.5,1,PASS,within tolerance
122500000,100.0,100.6062,0.6062000000000012,810,9.5,1,PASS,within tolerance
122600000,10.0,9.3963,-0.6036999999999999,1023,31.5,1,PASS,within tolerance
122600000,20.0,20.1202,0.12020000000000053,1023,25.5,1,PASS,within tolerance
122600000,30.0,30.8636,0.8636000000000017,1023,21.5,3,PASS,within tolerance
122600000,40.0,39.644400000000005,-0.3555999999999955,963,19.0,1,PASS,within tolerance
122600000,50.0,49.984899999999996,-0.015100000000003888,889,16.5,1,PASS,within tolerance
122600000,60.0,59.5452,-0.45479999999999876,847,14.0,1,PASS,within tolerance
122600000,70.0,69.592,-0.40800000000000125,858,13.0,1,PASS,within tolerance
122600000,80.0,79.9929,-0.007099999999994111,827,11.5,3,PASS,within tolerance
122600000,90.0,89.9346,-0.0653999999999968,824,10.5,1,PASS,within tolerance
122600000,100.0,99.46900000000001,-0.5309999999999917,810,9.5,1,PASS,within tolerance
122700000,10.0,10.1784,0.1783999999999999,1023,31.5,1,PASS,within tolerance
122700000,20.0,20.1413,0.1413000000000011,1023,25.5,1,PASS,within tolerance
122700000,30.0,30.2134,0.21340000000000003,1023,21.5,3,PASS,within tolerance
122700000,40.0,39.1393,-0.8607000000000014,963,19.0,1,PASS,within tolerance
122700000,50.0,50.0132,0.013199999999997658,889,16.5,1,PASS,within tolerance
122700000,60.0,60.7501,0.7501000000000033,847,14.0,1,PASS,within tolerance
122700000,70.0,70.1734,0.1734000000000009,858,13.0,1,PASS,within tolerance
122700000,80.0,79.6056,-0.3944000000000045,827,11.5,1,PASS,within tolerance
122700000,90.0,89.25909999999999,-0.7409000000000106,824,10.5,1,PASS,within tolerance
122700000,100.0,100.41279999999999,0.41279999999999006,819,9.5,2,PASS,within tolerance
122800000,10.0,9.5519,-0.44810000000000016,1023,31.5,1,PASS,within tolerance
122800000,20.0,20.5993,0.5992999999999995,1023,25.5,1,PASS,within tolerance
122800000,30.0,30.7747,0.7746999999999993,1023,21.5,1,PASS,within tolerance
122800000,40.0,39.332300000000004,-0.6676999999999964,963,19.0,1,PASS,within tolerance
122800000,50.0,50.5465,0.5465000000000018,908,16.5,4,PASS,within tolerance
122800000,60.0,60.052099999999996,0.052099999999995816,847,14.0,1,PASS,within tolerance
122800000,70.0,69.13170000000001,-0.8682999999999907,858,13.0,1,PASS,within tolerance
122800000,80.0,79.3356,-0.6644000000000005,827,11.5,1,PASS,within tolerance
122800000,90.0,90.6321,0.6320999999999941,839,10.5,2,PASS,within tolerance
122800000,100.0,99.78529999999999,-0.21470000000000766,819,9.5,1,PASS,within tolerance
122900000,10.0,9.4061,-0.5938999999999997,1023,31.5,1,PASS,within tolerance
122900000,20.0,19.877599999999997,-0.1224000000000025,1023,25.5,1,PASS,within tolerance
122900000,30.0,30.5532,0.5532000000000004,1023,21.5,1,PASS,within tolerance
122900000,40.0,40.2519,0.2518999999999991,988,19.0,2,PASS,within tolerance
122900000,50.0,49.6638,-0.33619999999999806,908,16.5,1,PASS,within tolerance
122900000,60.0,60.892500000000005,0.8925000000000054,847,14.0,1,PASS,within tolerance
122900000,70.0,70.4249,0.42489999999999384,858,13.0,1,PASS,within tolerance
122900000,80.0,80.3837,0.3837000000000046,824,11.5,3,PASS,within tolerance
122900000,90.0,90.8511,0.8511000000000024,839,10.5,3,PASS,within tolerance
122900000,100.0,100.0723,0.07229999999999848,808,9.5,2,PASS,within tolerance
123000000,10.0,9.359599999999999,-0.6404000000000014,1023,31.5,1,PASS,within tolerance
123000000,20.0,19.5959,-0.4040999999999997,1023,25.5,1,PASS,within tolerance
123000000,30.0,29.9145,-0.08549999999999969,1023,22.0,6,PASS,within tolerance
123000000,40.0,40.292300000000004,0.29230000000000445,988,19.0,1,PASS,within tolerance
123000000,50.0,49.9298,-0.07019999999999982,908,16.5,1,PASS,within tolerance
123000000,60.0,60.4009,0.40090000000000003,847,14.0,1,PASS,within tolerance
123000000,70.0,69.6845,-0.3155000000000001,866,13.0,3,PASS,within tolerance
123000000,80.0,80.3407,0.3406999999999982,824,11.5,1,PASS,within tolerance
123000000,90.0,90.3456,0.34560000000000457,839,10.5,1,PASS,within tolerance
123000000,100.0,99.576,-0.4240000000000066,808,9.5,1,PASS,within tolerance
123100000,10.0,9.8793,-0.12069999999999936,1023,31.5,1,PASS,within tolerance
123100000,20.0,19.447,-0.5530000000000008,1023,25.5,1,PASS,within tolerance
123100000,30.0,30.529400000000003,0.5294000000000025,1023,21.5,2,PASS,within tolerance
123100000,40.0,39.7179,-0.2820999999999998,988,19.0,1,PASS,within tolerance
123100000,50.0,50.2135,0.21350000000000335,908,16.5,1,PASS,within tolerance
123100000,60.0,60.0582,0.05819999999999936,847,14.0,1,PASS,within tolerance
123100000,70.0,69.9163,-0.08369999999999322,866,13.0,1,PASS,within tolerance
123100000,80.0,79.2563,-0.743700000000004,824,11.5,1,PASS,within tolerance
123100000,90.0,90.2608,0.26080000000000325,839,10.5,1,PASS,within tolerance
123100000,100.0,100.9278,0.9278000000000048,816,9.5,2,PASS,within tolerance
123200000,10.0,9.4552,-0.5448000000000004,1023,31.5,1,PASS,within tolerance
123200000,20.0,19.0373,-0.9627000000000017,1023,25.5,3,PASS,within tolerance
123200000,30.0,30.8541,0.854099999999999,1023,21.5,3,PASS,within tolerance
123200000,40.0,39.9728,-0.027200000000000557,988,19.0,1,PASS,within tolerance
123200000,50.0,49.3589,-0.6411000000000016,889,16.5,2,PASS,within tolerance
123200000,60.0,60.591499999999996,0.5914999999999964,847,14.0,1,PASS,within tolerance
123200000,70.0,70.94409999999999,0.9440999999999917,866,13.0,1,PASS,within tolerance
123200000,80.0,80.39789999999999,0.3978999999999928,835,11.5,2,PASS,within tolerance
123200000,90.0,90.765,0.7650000000000006,839,10.5,1,PASS,within tolerance
123200000,100.0,100.1781,0.1781000000000006,816,9.5,1,PASS,within tolerance
123300000,10.0,10.0921,0.09210000000000029,924,30.5,3,PASS,within tolerance
123300000,20.0,19.64,-0.35999999999999943,1023,25.5,1,PASS,within tolerance
123300000,30.0,29.2525,-0.7474999999999987,1023,22.0,2,PASS,within tolerance
123300000,40.0,40.5051,0.5050999999999988,988,19.0,1,PASS,within tolerance
123300000,50.0,49.9801,-0.019899999999999807,889,16.5,1,PASS,within tolerance
123300000,60.0,59.4621,-0.5379000000000005,847,14.0,1,PASS,within tolerance
123300000,70.0,70.1073,0.10729999999999507,866,13.0,1,PASS,within tolerance
123300000,80.0,79.91810000000001,-0.08189999999999031,825,11.5,2,PASS,within tolerance
123300000,90.0,89.9248,-0.07519999999999527,839,10.5,1,PASS,within tolerance
123300000,100.0,99.0316,-0.9684000000000026,816,9.5,1,PASS,within tolerance
123400000,10.0,9.810599999999999,-0.1894000000000009,924,30.5,1,PASS,within tolerance
123400000,20.0,19.1916,-0.8083999999999989,1023,25.5,1,PASS,within tolerance
123400000,30.0,29.1644,-0.8355999999999995,1023,22.0,1,PASS,within tolerance
123400000,40.0,40.2296,0.2295999999999978,988,19.0,1,PASS,within tolerance
123400000,50.0,49.5045,-0.49549999999999983,889,16.5,1,PASS,within tolerance
123400000,60.0,59.614399999999996,-0.3856000000000037,832,14.0,2,PASS,within tolerance
123400000,70.0,69.5269,-0.4731000000000023,866,13.0,1,PASS,within tolerance
123400000,80.0,79.2384,-0.7616000000000014,825,11.5,1,PASS,within tolerance
123400000,90.0,89.5365,-0.46349999999999625,829,10.5,2,PASS,within tolerance
123400000,100.0,99.8959,-0.10410000000000252,816,9.5,1,PASS,within tolerance
123500000,10.0,9.325,-0.6750000000000007,924,30.5,1,PASS,within tolerance
123500000,20.0,19.0745,-0.9254999999999995,1023,25.5,1,PASS,within tolerance
123500000,30.0,29.892,-0.10800000000000054,1023,22.0,1,PASS,within tolerance
123500000,40.0,40.8064,0.8063999999999965,988,19.0,1,PASS,within tolerance
123500000,50.0,49.456100000000006,-0.5438999999999936,889,16.5,1,PASS,within tolerance
123500000,60.0,59.906800000000004,-0.09319999999999595,832,14.0,1,PASS,within tolerance
123500000,70.0,70.0176,0.017600000000001614,866,13.0,1,PASS,within tolerance
123500000,80.0,80.06729999999999,0.06729999999998881,837,11.5,2,PASS,within tolerance
123500000,90.0,89.166,-0.8340000000000032,829,10.5,1,PASS,within tolerance
123500000,100.0,100.20020000000001,0.20020000000000948,816,9.5,1,PASS,within tolerance
123600000,10.0,9.6129,-0.3871000000000002,924,30.5,1,PASS,within tolerance
123600000,20.0,19.8583,-0.14170000000000016,1023,25.5,1,PASS,within tolerance
123600000,30.0,29.357000000000003,-0.6429999999999971,1023,22.0,5,PASS,within tolerance
123600000,40.0,39.3084,-0.6916000000000011,963,19.0,4,PASS,within tolerance
123600000,50.0,49.72,-0.28000000000000114,889,16.5,1,PASS,within tolerance
123600000,60.0,60.1065,0.10649999999999693,851,14.0,2,PASS,within tolerance
123600000,70.0,70.4344,0.43439999999999657,866,13.0,1,PASS,within tolerance
123600000,80.0,80.71109999999999,0.7110999999999876,837,11.5,1,PASS,within tolerance
123600000,90.0,89.2551,-0.7449000000000012,829,10.5,1,PASS,within tolerance
123600000,100.0,100.089,0.08899999999999864,816,9.5,1,PASS,within tolerance
123700000,10.0,9.6868,-0.31320000000000014,924,31.0,5,PASS,within tolerance
123700000,20.0,20.1142,0.1142000000000003,1023,25.5,1,PASS,within tolerance
123700000,30.0,30.449,0.4490000000000016,1023,21.5,2,PASS,within tolerance
123700000,40.0,39.721199999999996,-0.27880000000000393,963,19.0,1,PASS,within tolerance
123700000,50.0,49.9213,-0.07869999999999777,913,16.5,2,PASS,within tolerance
123700000,60.0,59.8535,-0.14650000000000318,851,14.0,1,PASS,within tolerance
123700000,70.0,70.37100000000001,0.3710000000000093,866,13.0,1,PASS,within tolerance
123700000,80.0,80.89359999999999,0.8935999999999922,837,11.5,1,PASS,within tolerance
123700000,90.0,90.92699999999999,0.9269999999999925,841,10.5,3,PASS,within tolerance
123700000,100.0,99.2039,-0.7960999999999956,816,9.5,1,PASS,within tolerance
123800000,10.0,9.0509,-0.9490999999999996,924,30.5,5,PASS,within tolerance
123800000,20.0,19.5472,-0.45279999999999987,1023,25.5,1,PASS,within tolerance
123800000,30.0,30.023600000000002,0.02360000000000184,1023,21.5,1,PASS,within tolerance
123800000,40.0,39.2937,-0.7062999999999988,963,19.0,3,PASS,within tolerance
123800000,50.0,50.75940000000001,0.7594000000000065,913,16.5,1,PASS,within tolerance
123800000,60.0,60.1776,0.1775999999999982,851,14.0,1,PASS,within tolerance
123800000,70.0,69.4203,-0.5797000000000025,866,13.0,1,PASS,within tolerance
123800000,80.0,80.1256,0.1256000000000057,837,11.5,1,PASS,within tolerance
123800000,90.0,90.2023,0.20229999999999393,841,10.5,5,PASS,within tolerance
123800000,100.0,99.145,-0.855000000000004,816,9.5,1,PASS,within tolerance
123900000,10.0,9.160400000000001,-0.839599999999999,924,30.5,1,PASS,within tolerance
123900000,20.0,19.8517,-0.148299999999999,1023,25.5,1,PASS,within tolerance
123900000,30.0,30.811,0.8109999999999999,1023,21.5,1,PASS,within tolerance
123900000,40.0,39.4011,-0.5989000000000004,963,19.0,1,PASS,within tolerance
123900000,50.0,49.9427,-0.05729999999999791,913,16.5,1,PASS,within tolerance
123900000,60.0,59.7973,-0.2027000000000001,851,14.0,1,PASS,within tolerance
123900000,70.0,69.8454,-0.15460000000000207,866,13.0,1,PASS,within tolerance
123900000,80.0,80.471,0.47100000000000364,837,11.5,1,PASS,within tolerance
123900000,90.0,90.4838,0.48380000000000223,841,10.5,1,PASS,within tolerance
123900000,100.0,99.17660000000001,-0.8233999999999924,816,9.5,1,PASS,within tolerance
124000000,10.0,9.4446,-0.5554000000000006,924,30.5,1,PASS,within tolerance
124000000,20.0,20.2669,0.2668999999999997,1023,25.0,2,PASS,within tolerance
124000000,30.0,30.0791,0.07910000000000039,1023,21.5,1,PASS,within tolerance
124000000,40.0,40.744,0.7439999999999998,963,18.5,4,PASS,within tolerance
124000000,50.0,50.4258,0.4258000000000024,913,16.5,1,PASS,within tolerance
124000000,60.0,60.1463,0.14629999999999654,851,14.0,1,PASS,within tolerance
124000000,70.0,69.7575,-0.24250000000000682,866,13.0,1,PASS,within tolerance
124000000,80.0,80.57770000000001,0.5777000000000072,837,11.5,1,PASS,within tolerance
124000000,90.0,89.53,-0.46999999999999886,841,10.5,1,PASS,within tolerance
124000000,100.0,99.835,-0.16500000000000625,816,9.5,1,PASS,within tolerance
124100000,10.0,9.6187,-0.38129999999999953,924,30.5,1,PASS,within tolerance
124100000,20.0,20.8894,0.8893999999999984,1023,25.0,1,PASS,within tolerance
124100000,30.0,30.2504,0.25039999999999907,1023,21.5,3,PASS,within tolerance
124100000,40.0,40.4266,0.42660000000000053,936,18.5,2,PASS,within tolerance
124100000,50.0,49.644,-0.35600000000000165,894,16.5,2,PASS,within tolerance
124100000,60.0,59.966100000000004,-0.0338999999999956,851,14.0,1,PASS,within tolerance
124100000,70.0,69.23020000000001,-0.7697999999999894,866,13.0,1,PASS,within tolerance
124100000,80.0,79.6709,-0.32909999999999684,834,11.5,3,PASS,within tolerance
124100000,90.0,90.6806,0.6805999999999983,844,10.5,3,PASS,within tolerance
124100000,100.0,100.6878,0.6877999999999957,824,9.5,2,PASS,within tolerance
124200000,10.0,9.3972,-0.6028000000000002,924,30.5,1,PASS,within tolerance
124200000,20.0,20.654,0.6539999999999999,1023,25.0,1,PASS,within tolerance
124200000,30.0,29.7095,-0.29050000000000153,1023,21.5,1,PASS,within tolerance
124200000,40.0,40.0472,0.04719999999999658,936,18.5,1,PASS,within tolerance
124200000,50.0,49.577799999999996,-0.4222000000000037,894,16.5,1,PASS,within tolerance
124200000,60.0,59.3985,-0.6015000000000015,851,14.0,1,PASS,within tolerance
124200000,70.0,69.7891,-0.2108999999999952,866,13.0,1,PASS,within tolerance
124200000,80.0,79.4922,-0.5078000000000031,834,11.5,1,PASS,within tolerance
124200000,90.0,90.49419999999999,0.4941999999999922,854,10.5,2,PASS,within tolerance
124200000,100.0,100.8711,0.8710999999999984,824,9.5,1,PASS,within tolerance
124300000,10.0,9.3505,-0.6494999999999997,924,30.5,1,PASS,within tolerance
124300000,20.0,20.415,0.41499999999999915,1023,25.0,1,PASS,within tolerance
124300000,30.0,30.7151,0.7150999999999996,1023,21.5,5,PASS,within tolerance
124300000,40.0,39.5894,-0.4106000000000023,936,18.5,1,PASS,within tolerance
124300000,50.0,49.327999999999996,-0.6720000000000041,894,16.5,1,PASS,within tolerance
124300000,60.0,60.0241,0.024099999999997124,851,14.0,1,PASS,within tolerance
124300000,70.0,70.86710000000001,0.8671000000000078,881,13.0,2,PASS,within tolerance
124300000,80.0,79.0604,-0.9395999999999987,834,11.5,1,PASS,within tolerance
124300000,90.0,89.0206,-0.9793999999999983,843,10.5,2,PASS,within tolerance
124300000,100.0,99.027,-0.972999999999999,821,9.5,3,PASS,within tolerance
124400000,10.0,9.7199,-0.2800999999999991,924,30.5,1,PASS,within tolerance
124400000,20.0,19.8121,-0.18789999999999907,1023,25.5,2,PASS,within tolerance
124400000,30.0,29.907799999999998,-0.09220000000000184,1023,21.5,1,PASS,within tolerance
124400000,40.0,39.7101,-0.28990000000000293,936,18.5,1,PASS,within tolerance
124400000,50.0,49.2582,-0.7417999999999978,894,16.5,1,PASS,within tolerance
124400000,60.0,60.465900000000005,0.46590000000000487,851,14.0,1,PASS,within tolerance
124400000,70.0,70.3184,0.3183999999999969,881,13.0,1,PASS,within tolerance
124400000,80.0,79.9817,-0.01829999999999643,834,11.5,1,PASS,within tolerance
124400000,90.0,90.86410000000001,0.8641000000000076,855,10.5,2,PASS,within tolerance
124400000,100.0,99.1868,-0.8131999999999948,821,9.5,1,PASS,within tolerance
124500000,10.0,9.4516,-0.5484000000000009,924,30.5,3,PASS,within tolerance
124500000,20.0,19.795900000000003,-0.20409999999999684,1023,25.5,1,PASS,within tolerance
124500000,30.0,30.6458,0.6458000000000013,1023,21.5,1,PASS,within tolerance
124500000,40.0,40.3014,0.301400000000001,936,18.5,1,PASS,within tolerance
124500000,50.0,49.1391,-0.8609000000000009,894,16.5,1,PASS,within tolerance
124500000,60.0,60.886900000000004,0.8869000000000042,851,14.0,1,PASS,within tolerance
124500000,70.0,70.71470000000001,0.7147000000000077,881,13.0,1,PASS,within tolerance
124500000,80.0,79.4402,-0.5597999999999956,834,11.5,1,PASS,within tolerance
124500000,90.0,89.5706,-0.4294000000000011,838,10.5,2,PASS,within tolerance
124500000,100.0,99.9292,-0.07080000000000553,821,9.5,1,PASS,within tolerance
124600000,10.0,10.047699999999999,0.047699999999998965,924,30.5,1,PASS,within tolerance
124600000,20.0,19.0088,-0.9911999999999992,1023,25.5,1,PASS,within tolerance
124600000,30.0,30.354699999999998,0.3546999999999976,1023,21.5,1,PASS,within tolerance
124600000,40.0,40.2999,0.29990000000000094,936,18.5,1,PASS,within tolerance
124600000,50.0,50.7416,0.7415999999999983,894,16.5,1,PASS,within tolerance
124600000,60.0,59.712599999999995,-0.2874000000000052,851,14.0,1,PASS,within tolerance
124600000,70.0,70.0775,0.07750000000000057,881,13.0,1,PASS,within tolerance
124600000,80.0,79.557,-0.44299999999999784,834,11.5,1,PASS,within tolerance
124600000,90.0,89.1478,-0.8521999999999963,838,10.5,1,PASS,within tolerance
124600000,100.0,99.72359999999999,-0.2764000000000095,821,9.5,1,PASS,within tolerance
124700000,10.0,9.0,-1.0,924,30.5,1,PASS,within tolerance
124700000,20.0,19.3064,-0.6936,1023,25.5,1,PASS,within tolerance
124700000,30.0,30.0933,0.09329999999999927,1023,21.5,1,PASS,within tolerance
124700000,40.0,40.5396,0.5396000000000001,936,18.5,1,PASS,within tolerance
124700000,50.0,49.438500000000005,-0.5614999999999952,894,16.5,1,PASS,within tolerance
124700000,60.0,60.045,0.045000000000001705,851,14.0,1,PASS,within tolerance
124700000,70.0,70.2058,0.20579999999999643,881,13.0,1,PASS,within tolerance
124700000,80.0,80.7618,0.7617999999999938,850,11.5,2,PASS,within tolerance
124700000,90.0,89.4419,-0.558099999999996,838,10.5,1,PASS,within tolerance
124700000,100.0,99.5973,-0.40269999999999584,821,9.5,1,PASS,within tolerance
124800000,10.0,9.940900000000001,-0.05909999999999904,924,30.5,1,PASS,within tolerance
124800000,20.0,19.6512,-0.34880000000000067,1023,25.5,1,PASS,within tolerance
124800000,30.0,29.874100000000002,-0.1258999999999979,1023,21.5,3,PASS,within tolerance
124800000,40.0,39.6434,-0.35660000000000025,936,18.5,1,PASS,within tolerance
124800000,50.0,49.9469,-0.05310000000000059,917,16.5,2,PASS,within tolerance
124800000,60.0,59.9519,-0.04809999999999803,851,14.0,1,PASS,within tolerance
124800000,70.0,69.63329999999999,-0.3667000000000087,881,13.0,1,PASS,within tolerance
124800000,80.0,79.8195,-0.180499999999995,850,11.5,1,PASS,within tolerance
124800000,90.0,90.61800000000001,0.6180000000000092,852,10.5,2,PASS,within tolerance
124800000,100.0,100.45410000000001,0.45410000000001105,835,9.5,2,PASS,within tolerance
124900000,10.0,9.2447,-0.7553000000000001,924,30.5,1,PASS,within tolerance
124900000,20.0,20.7967,0.7967000000000013,1023,25.0,2,PASS,within tolerance
124900000,30.0,30.4117,0.41169999999999973,1023,21.5,1,PASS,within tolerance
124900000,40.0,39.2734,-0.7265999999999977,936,18.5,1,PASS,within tolerance
124900000,50.0,49.56,-0.4399999999999977,897,16.5,2,PASS,within tolerance
124900000,60.0,59.208400000000005,-0.7915999999999954,851,14.0,1,PASS,within tolerance
124900000,70.0,70.2025,0.20250000000000057,884,13.0,3,PASS,within tolerance
124900000,80.0,80.9736,0.9736000000000047,850,11.5,1,PASS,within tolerance
124900000,90.0,90.0281,0.028099999999994907,852,10.5,1,PASS,within tolerance
124900000,100.0,99.70270000000001,-0.2972999999999928,835,9.5,1,PASS,within tolerance
125000000,10.0,9.4001,-0.5998999999999999,924,30.5,1,PASS,within tolerance
125000000,20.0,20.3662,0.3661999999999992,1023,25.0,1,PASS,within tolerance
125000000,30.0,29.8907,-0.10930000000000106,1023,21.5,1,PASS,within tolerance
125000000,40.0,40.2759,0.27590000000000003,936,18.5,1,PASS,within tolerance
125000000,50.0,49.132299999999994,-0.8677000000000064,897,16.5,3,PASS,within tolerance
125000000,60.0,59.8389,-0.16109999999999758,851,14.0,1,PASS,within tolerance
125000000,70.0,70.0838,0.08379999999999654,884,13.0,1,PASS,within tolerance
125000000,80.0,80.00699999999999,0.006999999999990791,850,11.5,1,PASS,within tolerance
125000000,90.0,90.4267,0.42669999999999675,852,10.5,1,PASS,within tolerance
125000000,100.0,100.01050000000001,0.010500000000007503,835,9.5,1,PASS,within tolerance
125100000,10.0,9.8285,-0.17149999999999999,924,30.5,1,PASS,within tolerance
125100000,20.0,20.7554,0.7554000000000016,1023,25.0,1,PASS,within tolerance
125100000,30.0,30.0503,0.05030000000000001,1023,21.5,3,PASS,within tolerance
125100000,40.0,40.3509,0.3509000000000029,936,18.5,1,PASS,within tolerance
125100000,50.0,49.2922,-0.7077999999999989,897,16.5,1,PASS,within tolerance
125100000,60.0,59.3514,-0.6486000000000018,851,14.0,1,PASS,within tolerance
125100000,70.0,70.0783,0.0782999999999987,884,13.0,1,PASS,within tolerance
125100000,80.0,80.5096,0.509600000000006,850,11.5,1,PASS,within tolerance
125100000,90.0,89.1653,-0.834699999999998,842,10.5,2,PASS,within tolerance
125100000,100.0,100.95020000000001,0.9502000000000095,835,9.5,1,PASS,within tolerance
125200000,10.0,9.6609,-0.3391000000000002,924,30.5,1,PASS,within tolerance
125200000,20.0,20.6076,0.6076000000000015,1023,25.0,1,PASS,within tolerance
125200000,30.0,30.4532,0.45319999999999894,1023,21.5,1,PASS,within tolerance
125200000,40.0,40.8072,0.8072000000000017,936,18.5,1,PASS,within tolerance
125200000,50.0,49.2809,-0.7190999999999974,897,16.5,3,PASS,within tolerance
125200000,60.0,59.595299999999995,-0.4047000000000054,851,14.0,1,PASS,within tolerance
125200000,70.0,69.4867,-0.513300000000001,884,13.0,1,PASS,within tolerance
125200000,80.0,79.2457,-0.7543000000000006,850,11.5,1,PASS,within tolerance
125200000,90.0,89.38260000000001,-0.6173999999999893,848,10.5,3,PASS,within tolerance
125200000,100.0,100.70750000000001,0.7075000000000102,839,9.5,3,PASS,within tolerance
125300000,10.0,9.9118,-0.0882000000000005,924,30.5,1,PASS,within tolerance
125300000,20.0,20.6406,0.6405999999999992,1023,25.0,1,PASS,within tolerance
125300000,30.0,29.9951,-0.004899999999999238,1023,21.5,1,PASS,within tolerance
125300000,40.0,40.1457,0.14569999999999794,936,18.5,1,PASS,within tolerance
125300000,50.0,49.5428,-0.4572000000000003,897,16.5,1,PASS,within tolerance
125300000,60.0,60.4787,0.47870000000000346,866,14.0,2,PASS,within tolerance
125300000,70.0,69.2138,-0.7861999999999938,884,13.0,1,PASS,within tolerance
125300000,80.0,80.7043,0.7043000000000035,850,11.5,1,PASS,within tolerance
125300000,90.0,90.50529999999999,0.5052999999999912,859,10.5,2,PASS,within tolerance
125300000,100.0,100.8541,0.8541000000000025,839,9.5,1,PASS,within tolerance
125400000,10.0,9.4106,-0.5893999999999995,924,30.5,1,PASS,within tolerance
125400000,20.0,20.5903,0.5902999999999992,1023,25.0,1,PASS,within tolerance
125400000,30.0,29.466099999999997,-0.5339000000000027,1023,21.5,1,PASS,within tolerance
125400000,40.0,39.4751,-0.5249000000000024,936,18.5,1,PASS,within tolerance
125400000,50.0,50.0802,0.08019999999999783,920,16.5,2,PASS,within tolerance
125400000,60.0,60.8726,0.8725999999999985,866,14.0,1,PASS,within tolerance
125400000,70.0,70.6147,0.6146999999999991,884,13.0,1,PASS,within tolerance
125400000,80.0,80.7021,0.7021000000000015,850,11.5,1,PASS,within tolerance
125400000,90.0,90.6797,0.6796999999999969,859,10.5,1,PASS,within tolerance
125400000,100.0,100.17429999999999,0.17429999999998813,839,9.5,1,PASS,within tolerance
125500000,10.0,9.6876,-0.31240000000000023,924,30.5,3,PASS,within tolerance
125500000,20.0,20.7993,0.7992999999999988,1023,25.0,1,PASS,within tolerance
125500000,30.0,30.5121,0.5121000000000002,1023,21.5,3,PASS,within tolerance
125500000,40.0,39.4109,-0.589100000000002,936,18.5,1,PASS,within tolerance
125500000,50.0,50.448,0.4480000000000004,920,16.5,1,PASS,within tolerance
125500000,60.0,60.0484,0.04840000000000089,866,14.0,1,PASS,within tolerance
125500000,70.0,69.8124,-0.18760000000000332,884,13.0,1,PASS,within tolerance
125500000,80.0,80.36659999999999,0.36659999999999116,850,11.5,1,PASS,within tolerance
125500000,90.0,90.5713,0.5712999999999937,859,10.5,1,PASS,within tolerance
125500000,100.0,100.7333,0.7332999999999998,839,9.5,1,PASS,within tolerance
125600000,10.0,9.5917,-0.40830000000000055,924,30.5,1,PASS,within tolerance
125600000,20.0,20.1889,0.1889000000000003,1023,25.0,1,PASS,within tolerance
125600000,30.0,30.459400000000002,0.45940000000000225,1023,21.5,1,PASS,within tolerance
125600000,40.0,40.0784,0.07840000000000202,936,18.5,1,PASS,within tolerance
125600000,50.0,50.671800000000005,0.6718000000000046,920,16.5,1,PASS,within tolerance
125600000,60.0,59.441,-0.5589999999999975,866,14.0,1,PASS,within tolerance
125600000,70.0,69.98790000000001,-0.012099999999989564,884,13.0,1,PASS,within tolerance
125600000,80.0,79.3645,-0.6354999999999933,853,11.5,3,PASS,within tolerance
125600000,90.0,89.8688,-0.13120000000000687,859,10.5,1,PASS,within tolerance
125600000,100.0,100.8989,0.8988999999999976,839,9.5,1,PASS,within tolerance
125700000,10.0,9.456199999999999,-0.543800000000001,924,31.0,3,PASS,within tolerance
125700000,20.0,20.0518,0.05180000000000007,1023,25.0,1,PASS,within tolerance
125700000,30.0,29.6529,-0.3471000000000011,1023,21.5,1,PASS,within tolerance
125700000,40.0,39.683,-0.31700000000000017,936,18.5,1,PASS,within tolerance
125700000,50.0,50.3318,0.3318000000000012,920,16.5,1,PASS,within tolerance
125700000,60.0,59.9103,-0.08970000000000056,866,14.0,1,PASS,within tolerance
125700000,70.0,70.1985,0.19849999999999568,884,13.0,1,PASS,within tolerance
125700000,80.0,80.9168,0.916799999999995,853,11.5,1,PASS,within tolerance
125700000,90.0,89.5536,-0.446399999999997,859,10.5,1,PASS,within tolerance
125700000,100.0,99.9452,-0.05480000000000018,839,9.5,1,PASS,within tolerance
125800000,10.0,10.0797,0.07970000000000077,924,30.0,2,PASS,within tolerance
125800000,20.0,19.3989,-0.6010999999999989,1023,25.0,1,PASS,within tolerance
125800000,30.0,30.7375,0.7375000000000007,1023,21.5,1,PASS,within tolerance
125800000,40.0,39.2118,-0.7882000000000033,936,18.5,1,PASS,within tolerance
125800000,50.0,50.2433,0.24329999999999785,920,16.5,1,PASS,within tolerance
125800000,60.0,60.105199999999996,0.10519999999999641,866,14.0,1,PASS,within tolerance
125800000,70.0,70.9452,0.9451999999999998,906,13.0,4,PASS,within tolerance
125800000,80.0,79.98429999999999,-0.015700000000009595,853,11.5,1,PASS,within tolerance
125800000,90.0,89.56890000000001,-0.4310999999999865,859,10.5,1,PASS,within tolerance
125800000,100.0,100.29480000000001,0.2948000000000093,839,9.5,1,PASS,within tolerance
125900000,10.0,10.198,0.1980000000000004,924,30.0,1,PASS,within tolerance
125900000,20.0,19.9968,-0.0031999999999996476,1023,25.0,1,PASS,within tolerance
125900000,30.0,29.317,-0.6829999999999998,1023,21.5,1,PASS,within tolerance
125900000,40.0,39.2188,-0.7811999999999983,936,18.5,1,PASS,within tolerance
125900000,50.0,50.5674,0.5673999999999992,920,16.5,1,PASS,within tolerance
125900000,60.0,60.240700000000004,0.2407000000000039,866,14.0,1,PASS,within tolerance
125900000,70.0,70.0552,0.05519999999999925,881,13.0,2,PASS,within tolerance
125900000,80.0,80.6194,0.6193999999999988,866,11.5,2,PASS,within tolerance
125900000,90.0,89.8187,-0.18129999999999313,859,10.5,1,PASS,within tolerance
125900000,100.0,100.68870000000001,0.6887000000000114,839,9.5,1,PASS,within tolerance
126000000,10.0,9.7308,-0.26919999999999966,924,30.0,1,PASS,within tolerance
126000000,20.0,19.5731,-0.42689999999999984,1023,25.0,1,PASS,within tolerance
126000000,30.0,30.197499999999998,0.197499999999998,1023,21.5,1,PASS,within tolerance
126000000,40.0,39.669200000000004,-0.33079999999999643,936,18.5,1,PASS,within tolerance
126000000,50.0,49.515299999999996,-0.4847000000000037,920,16.5,1,PASS,within tolerance
126000000,60.0,60.403800000000004,0.40380000000000393,866,14.0,1,PASS,within tolerance
126000000,70.0,69.89869999999999,-0.10130000000000905,894,13.0,2,PASS,within tolerance
126000000,80.0,79.7821,-0.2179000000000002,854,11.5,2,PASS,within tolerance
126000000,90.0,89.4012,-0.5987999999999971,859,10.5,1,PASS,within tolerance
126000000,100.0,99.4184,-0.5815999999999946,839,9.5,1,PASS,within tolerance
126100000,10.0,10.3978,0.39780000000000015,924,30.0,1,PASS,within tolerance
126100000,20.0,19.980999999999998,-0.019000000000001904,1023,25.0,1,PASS,within tolerance
126100000,30.0,30.2906,0.2906000000000013,1023,21.5,1,PASS,within tolerance
126100000,40.0,39.0565,-0.9435000000000002,936,18.5,3,PASS,within tolerance
126100000,50.0,49.5565,-0.4435000000000002,920,16.5,1,PASS,within tolerance
126100000,60.0,59.0491,-0.9508999999999972,866,14.0,1,PASS,within tolerance
126100000,70.0,70.1774,0.17740000000000578,894,13.0,1,PASS,within tolerance
126100000,80.0,80.9438,0.943799999999996,854,11.5,1,PASS,within tolerance
126100000,90.0,90.2706,0.27060000000000173,859,10.5,1,PASS,within tolerance
126100000,100.0,100.8459,0.8459000000000003,840,9.5,5,PASS,within tolerance
126200000,10.0,9.0379,-0.9620999999999995,924,30.0,1,PASS,within tolerance
126200000,20.0,20.2309,0.23089999999999833,1023,25.0,1,PASS,within tolerance
126200000,30.0,29.7076,-0.29240000000000066,1023,21.5,3,PASS,within tolerance
126200000,40.0,39.8263,-0.17369999999999663,936,18.5,1,PASS,within tolerance
126200000,50.0,49.077000000000005,-0.9229999999999947,920,16.5,1,PASS,within tolerance
126200000,60.0,59.8861,-0.113900000000001,866,14.0,1,PASS,within tolerance
126200000,70.0,69.48060000000001,-0.5193999999999903,894,13.0,1,PASS,within tolerance
126200000,80.0,79.1473,-0.8526999999999987,854,11.5,1,PASS,within tolerance
126200000,90.0,89.3966,-0.6033999999999935,859,10.5,1,PASS,within tolerance
126200000,100.0,100.4091,0.40909999999999513,851,9.5,2,PASS,within tolerance
126300000,10.0,10.4837,0.4837000000000007,924,30.0,1,PASS,within tolerance
126300000,20.0,20.5243,0.5243000000000002,1023,25.0,1,PASS,within tolerance
126300000,30.0,29.213,-0.786999999999999,1023,21.5,1,PASS,within tolerance
126300000,40.0,39.088,-0.911999999999999,936,18.5,1,PASS,within tolerance
126300000,50.0,49.0207,-0.9793000000000021,920,16.5,1,PASS,within tolerance
126300000,60.0,59.4152,-0.5848000000000013,866,14.0,1,PASS,within tolerance
126300000,70.0,69.6601,-0.3399000000000001,894,13.0,1,PASS,within tolerance
126300000,80.0,79.65029999999999,-0.3497000000000128,854,11.5,1,PASS,within tolerance
126300000,90.0,89.5518,-0.44819999999999993,859,10.5,1,PASS,within tolerance
126300000,100.0,99.63470000000001,-0.36529999999999063,841,9.5,2,PASS,within tolerance
126400000,10.0,10.2178,0.21780000000000044,924,30.0,1,PASS,within tolerance
126400000,20.0,19.1371,-0.8628999999999998,1023,25.5,2,PASS,within tolerance
126400000,30.0,29.0944,-0.9055999999999997,1023,21.5,1,PASS,within tolerance
126400000,40.0,39.5021,-0.49790000000000134,936,18.5,1,PASS,within tolerance
126400000,50.0,49.7869,-0.21309999999999718,918,16.5,3,PASS,within tolerance
126400000,60.0,59.475699999999996,-0.5243000000000038,866,14.0,1,PASS,within tolerance
126400000,70.0,70.8535,0.8534999999999968,894,13.0,1,PASS,within tolerance
126400000,80.0,79.0853,-0.9146999999999963,854,11.5,1,PASS,within tolerance
126400000,90.0,90.2277,0.22769999999999868,859,10.5,1,PASS,within tolerance
126400000,100.0,99.7334,-0.26659999999999684,841,9.5,1,PASS,within tolerance
126500000,10.0,10.1834,0.18340000000000067,924,30.0,1,PASS,within tolerance
126500000,20.0,19.0434,-0.9566000000000017,1023,25.5,1,PASS,within tolerance
126500000,30.0,29.956300000000002,-0.04369999999999763,1023,21.5,1,PASS,within tolerance
126500000,40.0,40.156,0.1559999999999988,936,18.5,1,PASS,within tolerance
126500000,50.0,49.9059,-0.09409999999999741,918,16.5,1,PASS,within tolerance
126500000,60.0,59.194900000000004,-0.8050999999999959,866,14.0,1,PASS,within tolerance
126500000,70.0,70.7034,0.703400000000002,894,13.0,1,PASS,within tolerance
126500000,80.0,79.2519,-0.7480999999999938,854,11.5,1,PASS,within tolerance
126500000,90.0,89.502,-0.49800000000000466,859,10.5,1,PASS,within tolerance
126500000,100.0,100.0722,0.07219999999999516,841,9.5,1,PASS,within tolerance
126600000,10.0,9.3605,-0.6395,924,30.0,1,PASS,within tolerance
126600000,20.0,19.5551,-0.4449000000000005,1023,25.5,1,PASS,within tolerance
126600000,30.0,29.211199999999998,-0.7888000000000019,1023,21.5,5,PASS,within tolerance
126600000,40.0,40.1745,0.17450000000000188,910,18.0,3,PASS,within tolerance
126600000,50.0,49.6391,-0.3609000000000009,918,16.5,1,PASS,within tolerance
126600000,60.0,59.6837,-0.31629999999999825,866,14.0,1,PASS,within tolerance
126600000,70.0,69.8657,-0.1342999999999961,894,13.0,1,PASS,within tolerance
126600000,80.0,79.86540000000001,-0.13459999999999184,854,11.5,1,PASS,within tolerance
126600000,90.0,89.7037,-0.29630000000000223,859,10.5,1,PASS,within tolerance
126600000,100.0,99.45479999999999,-0.5452000000000083,841,9.5,1,PASS,within tolerance
126700000,10.0,10.1279,0.12790000000000035,924,30.0,1,PASS,within tolerance
126700000,20.0,20.8028,0.8028000000000013,1023,25.0,2,PASS,within tolerance
126700000,30.0,29.7849,-0.21509999999999962,1023,21.5,1,PASS,within tolerance
126700000,40.0,40.8302,0.8301999999999978,910,18.0,1,PASS,within tolerance
126700000,50.0,49.2886,-0.7113999999999976,918,16.5,1,PASS,within tolerance
126700000,60.0,59.7843,-0.21569999999999823,866,14.0,1,PASS,within tolerance
126700000,70.0,69.1865,-0.8135000000000048,894,13.0,1,PASS,within tolerance
126700000,80.0,79.2871,-0.7129000000000048,866,11.5,2,PASS,within tolerance
126700000,90.0,89.2907,-0.7092999999999989,859,10.5,1,PASS,within tolerance
126700000,100.0,99.1114,-0.8885999999999967,841,9.5,1,PASS,within tolerance
126800000,10.0,9.6037,-0.3963000000000001,924,30.0,1,PASS,within tolerance
126800000,20.0,20.5521,0.5520999999999994,1023,25.0,1,PASS,within tolerance
126800000,30.0,29.958,-0.04200000000000159,1023,21.5,3,PASS,within tolerance
126800000,40.0,39.3878,-0.6122000000000014,910,18.0,1,PASS,within tolerance
126800000,50.0,50.5244,0.5244,918,16.5,1,PASS,within tolerance
126800000,60.0,59.046,-0.9540000000000006,866,14.0,1,PASS,within tolerance
126800000,70.0,70.3403,0.34029999999999916,894,13.0,1,PASS,within tolerance
126800000,80.0,79.469,-0.5310000000000059,850,11.5,2,PASS,within tolerance
126800000,90.0,89.4851,-0.5148999999999972,859,10.5,1,PASS,within tolerance
126800000,100.0,99.4968,-0.5032000000000068,841,9.5,1,PASS,within tolerance
126900000,10.0,9.618,-0.3819999999999997,924,30.0,1,PASS,within tolerance
126900000,20.0,20.2435,0.24350000000000094,1023,25.0,1,PASS,within tolerance
126900000,30.0,29.8569,-0.14310000000000045,1023,21.5,1,PASS,within tolerance
126900000,40.0,39.2997,-0.7002999999999986,910,18.0,1,PASS,within tolerance
126900000,50.0,49.583099999999995,-0.4169000000000054,918,16.5,1,PASS,within tolerance
126900000,60.0,60.3328,0.3327999999999989,881,14.0,6,PASS,within tolerance
126900000,70.0,70.0404,0.04040000000000532,894,13.0,1,PASS,within tolerance
126900000,80.0,79.2494,-0.7506000000000057,850,11.5,1,PASS,within tolerance
126900000,90.0,89.3734,-0.6265999999999963,859,10.5,1,PASS,within tolerance
126900000,100.0,99.0473,-0.952699999999993,841,9.5,1,PASS,within tolerance
127000000,10.0,9.503,-0.4969999999999999,924,30.0,1,PASS,within tolerance
127000000,20.0,19.5563,-0.44369999999999976,1023,25.0,1,PASS,within tolerance
127000000,30.0,30.0737,0.07369999999999877,1023,21.5,1,PASS,within tolerance
127000000,40.0,40.738499999999995,0.7384999999999948,910,18.0,1,PASS,within tolerance
127000000,50.0,49.0211,-0.978900000000003,918,16.5,1,PASS,within tolerance
127000000,60.0,60.0529,0.05290000000000106,883,14.0,3,PASS,within tolerance
127000000,70.0,69.0397,-0.9603000000000037,894,13.0,1,PASS,within tolerance
127000000,80.0,80.72940000000001,0.7294000000000125,862,11.5,2,PASS,within tolerance
127000000,90.0,89.7042,-0.29579999999999984,865,10.5,3,PASS,within tolerance
127000000,100.0,99.1502,-0.8498000000000019,845,9.5,3,PASS,within tolerance
127100000,10.0,9.393500000000001,-0.6064999999999987,924,30.0,1,PASS,within tolerance
127100000,20.0,20.4817,0.4817,1023,25.0,1,PASS,within tolerance
127100000,30.0,29.452099999999998,-0.547900000000002,1023,21.5,1,PASS,within tolerance
127100000,40.0,40.5427,0.5427000000000035,910,18.0,1,PASS,within tolerance
127100000,50.0,50.585100000000004,0.5851000000000042,943,16.5,2,PASS,within tolerance
127100000,60.0,60.9088,0.9087999999999994,883,14.0,1,PASS,within tolerance
127100000,70.0,69.1888,-0.8111999999999995,894,13.0,1,PASS,within tolerance
127100000,80.0,80.55239999999999,0.5523999999999916,862,11.5,1,PASS,within tolerance
127100000,90.0,89.2816,-0.7184000000000026,865,10.5,1,PASS,within tolerance
127100000,100.0,100.15820000000001,0.1582000000000079,845,9.5,1,PASS,within tolerance
127200000,10.0,9.1873,-0.8126999999999995,924,30.0,1,PASS,within tolerance
127200000,20.0,20.3728,0.3728000000000016,1023,25.0,1,PASS,within tolerance
127200000,30.0,29.2525,-0.7474999999999987,1023,21.5,1,PASS,within tolerance
127200000,40.0,40.2645,0.2644999999999982,910,18.0,1,PASS,within tolerance
127200000,50.0,50.1379,0.1379000000000019,943,16.5,1,PASS,within tolerance
127200000,60.0,60.692299999999996,0.6922999999999959,883,14.0,1,PASS,within tolerance
127200000,70.0,70.3194,0.3194000000000017,894,13.0,1,PASS,within tolerance
127200000,80.0,79.81280000000001,-0.18719999999999004,862,11.5,1,PASS,within tolerance
127200000,90.0,90.29610000000001,0.2961000000000098,865,10.5,1,PASS,within tolerance
127200000,100.0,99.1866,-0.8134000000000015,845,9.5,1,PASS,within tolerance
127300000,10.0,9.7758,-0.22419999999999973,924,30.5,4,PASS,within tolerance
127300000,20.0,20.0707,0.07069999999999865,1023,25.0,1,PASS,within tolerance
127300000,30.0,30.8644,0.8643999999999998,1023,21.5,1,PASS,within tolerance
127300000,40.0,39.262499999999996,-0.7375000000000043,887,18.0,2,PASS,within tolerance
127300000,50.0,50.609700000000004,0.6097000000000037,943,16.5,1,PASS,within tolerance
127300000,60.0,60.8782,0.8781999999999996,883,14.0,1,PASS,within tolerance
127300000,70.0,69.3985,-0.6015000000000015,894,13.0,1,PASS,within tolerance
127300000,80.0,80.8755,0.8755000000000024,862,11.5,1,PASS,within tolerance
127300000,90.0,90.9323,0.9322999999999979,880,10.5,2,PASS,within tolerance
127300000,100.0,99.2256,-0.7744,845,9.5,1,PASS,within tolerance
127400000,10.0,10.280299999999999,0.28029999999999866,924,30.0,3,PASS,within tolerance
127400000,20.0,20.4899,0.48989999999999867,1023,25.0,1,PASS,within tolerance
127400000,30.0,29.6256,-0.3744000000000014,1023,21.5,1,PASS,within tolerance
127400000,40.0,39.8894,-0.11059999999999803,910,18.0,8,PASS,within tolerance
127400000,50.0,50.3025,0.302500000000002,943,16.5,1,PASS,within tolerance
127400000,60.0,59.318200000000004,-0.6817999999999955,883,14.0,1,PASS,within tolerance
127400000,70.0,69.9438,-0.056200000000004025,914,13.0,2,PASS,within tolerance
127400000,80.0,79.36200000000001,-0.637999999999991,862,11.5,1,PASS,within tolerance
127400000,90.0,90.3371,0.3371000000000066,869,10.5,2,PASS,within tolerance
127400000,100.0,100.61359999999999,0.613599999999991,846,9.5,3,PASS,within tolerance
127500000,10.0,9.2498,-0.7501999999999995,924,30.0,1,PASS,within tolerance
127500000,20.0,19.534699999999997,-0.4653000000000027,1023,25.0,1,PASS,within tolerance
127500000,30.0,29.9245,-0.07550000000000168,1023,21.5,1,PASS,within tolerance
127500000,40.0,39.9553,-0.04469999999999885,910,18.0,1,PASS,within tolerance
127500000,50.0,50.323600000000006,0.3236000000000061,943,16.5,1,PASS,within tolerance
127500000,60.0,59.5841,-0.4159000000000006,883,14.0,1,PASS,within tolerance
127500000,70.0,69.4062,-0.5938000000000017,897,13.0,2,PASS,within tolerance
127500000,80.0,80.1602,0.16020000000000323,862,11.5,1,PASS,within tolerance
127500000,90.0,90.0392,0.039199999999993906,869,10.5,1,PASS,within tolerance
127500000,100.0,99.1162,-0.8837999999999937,846,9.5,1,PASS,within tolerance
127600000,10.0,9.469899999999999,-0.5301000000000009,924,30.0,1,PASS,within tolerance
127600000,20.0,19.954,-0.045999999999999375,1023,25.0,1,PASS,within tolerance
127600000,30.0,30.0625,0.0625,1023,21.5,1,PASS,within tolerance
127600000,40.0,40.2049,0.20490000000000208,910,18.0,1,PASS,within tolerance
127600000,50.0,50.6021,0.6021000000000001,943,16.5,1,PASS,within tolerance
127600000,60.0,59.144299999999994,-0.8557000000000059,883,14.0,1,PASS,within tolerance
127600000,70.0,69.9728,-0.02719999999999345,901,13.0,3,PASS,within tolerance
127600000,80.0,79.4736,-0.5263999999999953,862,11.5,1,PASS,within tolerance
127600000,90.0,89.6922,-0.3078000000000003,869,10.5,1,PASS,within tolerance
127600000,100.0,99.8582,-0.14180000000000348,846,9.5,1,PASS,within tolerance
127700000,10.0,9.4532,-0.5467999999999993,924,30.0,1,PASS,within tolerance
127700000,20.0,20.1683,0.16829999999999856,1023,25.0,1,PASS,within tolerance
127700000,30.0,29.2761,-0.7239000000000004,1023,21.5,1,PASS,within tolerance
127700000,40.0,39.6997,-0.3003,910,18.0,1,PASS,within tolerance
127700000,50.0,50.979299999999995,0.979299999999995,943,16.5,1,PASS,within tolerance
127700000,60.0,59.801899999999996,-0.19810000000000372,883,14.0,1,PASS,within tolerance
127700000,70.0,69.5395,-0.46049999999999613,901,13.0,1,PASS,within tolerance
127700000,80.0,79.1179,-0.8820999999999941,862,11.5,1,PASS,within tolerance
127700000,90.0,90.0305,0.030500000000003524,880,10.5,2,PASS,within tolerance
127700000,100.0,99.58590000000001,-0.4140999999999906,846,9.5,1,PASS,within tolerance
127800000,10.0,9.8892,-0.11079999999999934,924,30.0,1,PASS,within tolerance
127800000,20.0,19.947400000000002,-0.052599999999998204,1023,25.0,1,PASS,within tolerance
127800000,30.0,30.471600000000002,0.47160000000000224,1023,21.5,1,PASS,within tolerance
127800000,40.0,40.5299,0.5298999999999978,910,18.0,1,PASS,within tolerance
127800000,50.0,49.598499999999994,-0.40150000000000574,943,16.5,1,PASS,within tolerance
127800000,60.0,60.742999999999995,0.742999999999995,903,14.0,2,PASS,within tolerance
127800000,70.0,69.0386,-0.9613999999999976,901,13.0,1,PASS,within tolerance
127800000,80.0,80.0488,0.048799999999999955,865,11.5,3,PASS,within tolerance
127800000,90.0,90.8322,0.8322000000000003,880,10.5,1,PASS,within tolerance
127800000,100.0,99.8539,-0.14610000000000412,859,9.5,2,PASS,within tolerance
127900000,10.0,9.6959,-0.30410000000000004,924,30.0,1,PASS,within tolerance
127900000,20.0,20.2625,0.2624999999999993,1023,25.0,1,PASS,within tolerance
127900000,30.0,29.1263,-0.8736999999999995,1023,21.5,1,PASS,within tolerance
127900000,40.0,40.467299999999994,0.4672999999999945,910,18.0,1,PASS,within tolerance
127900000,50.0,50.4139,0.41389999999999816,943,16.5,1,PASS,within tolerance
127900000,60.0,59.3192,-0.6807999999999979,879,14.0,2,PASS,within tolerance
127900000,70.0,69.527,-0.472999999999999,901,13.0,1,PASS,within tolerance
127900000,80.0,79.0067,-0.993300000000005,865,11.5,1,PASS,within tolerance
127900000,90.0,89.7186,-0.281400000000005,880,10.5,1,PASS,within tolerance
127900000,100.0,99.7556,-0.24439999999999884,859,9.5,1,PASS,within tolerance
128000000,10.0,10.093100000000002,0.09310000000000151,924,30.0,1,PASS,within tolerance
128000000,20.0,19.4579,-0.5421000000000014,1023,25.0,1,PASS,within tolerance
128000000,30.0,29.6067,-0.3933,1023,21.5,1,PASS,within tolerance
128000000,40.0,40.0058,0.0058000000000006935,910,18.0,1,PASS,within tolerance
128000000,50.0,50.378899999999994,0.37889999999999446,943,16.5,1,PASS,within tolerance
128000000,60.0,59.9478,-0.052199999999999136,879,14.0,1,PASS,within tolerance
128000000,70.0,69.18900000000001,-0.8109999999999928,901,13.0,1,PASS,within tolerance
128000000,80.0,79.0494,-0.9505999999999943,865,11.5,1,PASS,within tolerance
128000000,90.0,90.42020000000001,0.42020000000000834,880,10.5,1,PASS,within tolerance
128000000,100.0,99.9701,-0.029899999999997817,859,9.5,1,PASS,within tolerance
128100000,10.0,9.5378,-0.4621999999999993,924,30.0,1,PASS,within tolerance
128100000,20.0,19.7817,-0.21829999999999927,1023,25.0,1,PASS,within tolerance
128100000,30.0,29.4561,-0.5439000000000007,1023,21.5,1,PASS,within tolerance
128100000,40.0,39.7162,-0.2837999999999994,910,18.0,1,PASS,within tolerance
128100000,50.0,50.6918,0.6918000000000006,918,16.0,3,PASS,within tolerance
128100000,60.0,59.365500000000004,-0.6344999999999956,879,14.0,1,PASS,within tolerance
128100000,70.0,69.0851,-0.9149000000000029,901,13.0,1,PASS,within tolerance
128100000,80.0,79.7381,-0.26189999999999714,873,11.5,3,PASS,within tolerance
128100000,90.0,90.47710000000001,0.4771000000000072,880,10.5,1,PASS,within tolerance
128100000,100.0,99.8239,-0.17610000000000525,859,9.5,1,PASS,within tolerance
128200000,10.0,10.2271,0.22710000000000008,924,30.0,1,PASS,within tolerance
128200000,20.0,19.6607,-0.3393000000000015,1023,25.0,1,PASS,within tolerance
128200000,30.0,29.051299999999998,-0.9487000000000023,1023,21.5,1,PASS,within tolerance
128200000,40.0,39.1499,-0.8500999999999976,910,18.0,1,PASS,within tolerance
128200000,50.0,50.8552,0.8552000000000035,918,16.0,1,PASS,within tolerance
128200000,60.0,60.2113,0.21130000000000138,898,14.0,2,PASS,within tolerance
128200000,70.0,70.89819999999999,0.8981999999999886,921,13.0,2,PASS,within tolerance
128200000,80.0,80.2968,0.2968000000000046,873,11.5,1,PASS,within tolerance
128200000,90.0,89.8057,-0.19429999999999836,880,10.5,1,PASS,within tolerance
128200000,100.0,100.3864,0.38639999999999475,859,9.5,1,PASS,within tolerance
128300000,10.0,9.7152,-0.2848000000000006,924,30.0,1,PASS,within tolerance
128300000,20.0,20.3374,0.3373999999999988,1023,25.0,1,PASS,within tolerance
128300000,30.0,29.188200000000002,-0.8117999999999981,1023,21.5,3,PASS,within tolerance
128300000,40.0,39.5511,-0.44890000000000185,910,18.0,1,PASS,within tolerance
128300000,50.0,49.6235,-0.37650000000000006,893,16.0,4,PASS,within tolerance
128300000,60.0,60.337599999999995,0.3375999999999948,898,14.0,1,PASS,within tolerance
128300000,70.0,70.1086,0.10859999999999559,906,13.0,2,PASS,within tolerance
128300000,80.0,80.45670000000001,0.4567000000000121,873,11.5,1,PASS,within tolerance
128300000,90.0,89.1079,-0.8920999999999992,880,10.5,1,PASS,within tolerance
128300000,100.0,99.5432,-0.4568000000000012,859,9.5,1,PASS,within tolerance
128400000,10.0,9.6509,-0.34909999999999997,924,30.0,1,PASS,within tolerance
128400000,20.0,20.6781,0.6781000000000006,1023,24.5,2,PASS,within tolerance
128400000,30.0,30.102400000000003,0.10240000000000293,1023,21.5,1,PASS,within tolerance
128400000,40.0,39.016799999999996,-0.9832000000000036,910,18.0,1,PASS,within tolerance
128400000,50.0,49.8698,-0.1302000000000021,893,16.0,1,PASS,within tolerance
128400000,60.0,60.7783,0.7783000000000015,898,14.0,1,PASS,within tolerance
128400000,70.0,70.0215,0.021500000000003183,919,13.0,2,PASS,within tolerance
128400000,80.0,80.7783,0.7783000000000015,873,11.5,1,PASS,within tolerance
128400000,90.0,89.8738,-0.1261999999999972,880,10.5,1,PASS,within tolerance
128400000,100.0,99.76010000000001,-0.23989999999999156,859,9.5,1,PASS,within tolerance
128500000,10.0,10.4954,0.49540000000000006,924,30.0,1,PASS,within tolerance
128500000,20.0,20.717,0.7169999999999987,1023,24.5,1,PASS,within tolerance
128500000,30.0,29.4231,-0.5768999999999984,1023,21.5,1,PASS,within tolerance
128500000,40.0,39.1508,-0.8492000000000033,910,18.0,1,PASS,within tolerance
128500000,50.0,49.9347,-0.06530000000000058,893,16.0,1,PASS,within tolerance
128500000,60.0,60.4474,0.4474000000000018,898,14.0,1,PASS,within tolerance
128500000,70.0,70.3464,0.3464000000000027,919,13.0,1,PASS,within tolerance
128500000,80.0,79.4606,-0.5394000000000005,873,11.5,1,PASS,within tolerance
128500000,90.0,90.1105,0.11050000000000182,880,10.5,1,PASS,within tolerance
128500000,100.0,99.1259,-0.8740999999999985,859,9.5,1,PASS,within tolerance
128600000,10.0,9.347100000000001,-0.6528999999999989,924,30.0,1,PASS,within tolerance
128600000,20.0,19.8442,-0.15579999999999927,1023,25.0,2,PASS,within tolerance
128600000,30.0,30.7944,0.7943999999999996,1023,21.0,2,PASS,within tolerance
128600000,40.0,39.0696,-0.9303999999999988,910,18.0,1,PASS,within tolerance
128600000,50.0,49.2984,-0.7015999999999991,893,16.0,1,PASS,within tolerance
128600000,60.0,59.833400000000005,-0.16659999999999542,898,14.0,1,PASS,within tolerance
128600000,70.0,69.2394,-0.7605999999999966,919,13.0,1,PASS,within tolerance
128600000,80.0,79.1929,-0.8071000000000055,873,11.5,1,PASS,within tolerance
128600000,90.0,89.0111,-0.988900000000001,880,10.5,1,PASS,within tolerance
128600000,100.0,100.22290000000001,0.22290000000000987,857,9.5,3,PASS,within tolerance
128700000,10.0,9.3224,-0.6776,924,30.0,1,PASS,within tolerance
128700000,20.0,19.5916,-0.4084000000000003,1023,25.0,1,PASS,within tolerance
128700000,30.0,30.6807,0.6807000000000016,1023,21.0,1,PASS,within tolerance
128700000,40.0,39.764300000000006,-0.23569999999999425,910,18.0,1,PASS,within tolerance
128700000,50.0,50.1898,0.1897999999999982,893,16.0,1,PASS,within tolerance
128700000,60.0,60.5317,0.5317000000000007,898,14.0,1,PASS,within tolerance
128700000,70.0,70.0195,0.019499999999993634,919,13.0,1,PASS,within tolerance
128700000,80.0,79.9188,-0.0811999999999955,873,11.5,1,PASS,within tolerance
128700000,90.0,89.7758,-0.22419999999999618,880,10.5,1,PASS,within tolerance
128700000,100.0,100.9519,0.9518999999999949,867,9.5,2,PASS,within tolerance
128800000,10.0,10.3344,0.3344000000000005,924,30.0,1,PASS,within tolerance
128800000,20.0,19.581500000000002,-0.4184999999999981,1023,25.0,1,PASS,within tolerance
128800000,30.0,30.8588,0.8587999999999987,1023,21.0,1,PASS,within tolerance
128800000,40.0,39.919000000000004,-0.08099999999999596,910,18.0,1,PASS,within tolerance
128800000,50.0,49.730000000000004,-0.269999999999996,893,16.0,1,PASS,within tolerance
128800000,60.0,60.296299999999995,0.2962999999999951,898,14.0,1,PASS,within tolerance
128800000,70.0,69.9306,-0.06940000000000168,919,13.0,1,PASS,within tolerance
128800000,80.0,79.6253,-0.37470000000000425,873,11.5,1,PASS,within tolerance
128800000,90.0,90.9125,0.9124999999999943,890,10.5,2,PASS,within tolerance
128800000,100.0,100.35679999999999,0.3567999999999927,867,9.5,1,PASS,within tolerance
128900000,10.0,10.2684,0.26839999999999975,924,30.0,1,PASS,within tolerance
128900000,20.0,19.4686,-0.5314000000000014,1023,25.0,1,PASS,within tolerance
128900000,30.0,30.449299999999997,0.44929999999999737,1023,21.0,1,PASS,within tolerance
128900000,40.0,40.1477,0.1477000000000004,910,18.0,1,PASS,within tolerance
128900000,50.0,49.277,-0.722999999999999,893,16.0,1,PASS,within tolerance
128900000,60.0,59.983399999999996,-0.016600000000003945,898,14.0,1,PASS,within tolerance
128900000,70.0,69.9935,-0.006500000000002615,919,13.0,1,PASS,within tolerance
128900000,80.0,79.1991,-0.8008999999999986,873,11.5,1,PASS,within tolerance
128900000,90.0,89.9174,-0.08259999999999934,890,10.5,1,PASS,within tolerance
128900000,100.0,100.88610000000001,0.8861000000000132,867,9.5,1,PASS,within tolerance
129000000,10.0,9.4516,-0.5484000000000009,924,30.0,1,PASS,within tolerance
129000000,20.0,20.5517,0.5517000000000003,1023,25.0,1,PASS,within tolerance
129000000,30.0,30.5756,0.5756000000000014,1023,21.0,1,PASS,within tolerance
129000000,40.0,39.4857,-0.5142999999999986,910,18.0,5,PASS,within tolerance
129000000,50.0,49.2239,-0.7760999999999996,893,16.0,1,PASS,within tolerance
129000000,60.0,60.153600000000004,0.1536000000000044,896,14.0,3,PASS,within tolerance
129000000,70.0,70.4675,0.46750000000000114,919,13.0,1,PASS,within tolerance
129000000,80.0,79.54129999999999,-0.45870000000000744,873,11.5,1,PASS,within tolerance
129000000,90.0,90.0428,0.04279999999999973,890,10.5,1,PASS,within tolerance
129000000,100.0,100.1002,0.10020000000000095,867,9.5,1,PASS,within tolerance
129100000,10.0,10.346499999999999,0.3464999999999989,924,30.0,1,PASS,within tolerance
129100000,20.0,20.407999999999998,0.4079999999999977,1023,25.0,1,PASS,within tolerance
129100000,30.0,29.817,-0.18299999999999983,1023,21.5,2,PASS,within tolerance
129100000,40.0,39.199999999999996,-0.8000000000000043,910,18.0,1,PASS,within tolerance
129100000,50.0,50.001200000000004,0.0012000000000043087,893,16.0,1,PASS,within tolerance
129100000,60.0,59.4342,-0.565800000000003,896,14.0,1,PASS,within tolerance
129100000,70.0,69.5522,-0.44780000000000086,919,13.0,1,PASS,within tolerance
129100000,80.0,79.3819,-0.6180999999999983,877,11.5,3,PASS,within tolerance
129100000,90.0,90.2116,0.21160000000000423,890,10.5,1,PASS,within tolerance
129100000,100.0,99.6057,-0.3943000000000012,867,9.5,1,PASS,within tolerance
129200000,10.0,9.579600000000001,-0.420399999999999,924,30.0,1,PASS,within tolerance
129200000,20.0,19.9617,-0.03829999999999956,1023,25.0,1,PASS,within tolerance
129200000,30.0,29.4004,-0.5995999999999988,1023,21.5,1,PASS,within tolerance
129200000,40.0,39.011900000000004,-0.9880999999999958,910,18.0,1,PASS,within tolerance
129200000,50.0,49.0841,-0.9159000000000006,893,16.0,1,PASS,within tolerance
129200000,60.0,59.282599999999995,-0.7174000000000049,896,14.0,1,PASS,within tolerance
129200000,70.0,69.6752,-0.3247999999999962,919,13.0,1,PASS,within tolerance
129200000,80.0,79.7612,-0.23879999999999768,877,11.5,1,PASS,within tolerance
129200000,90.0,90.67880000000001,0.6788000000000096,890,10.5,1,PASS,within tolerance
129200000,100.0,99.978,-0.02200000000000557,867,9.5,1,PASS,within tolerance
129300000,10.0,9.4209,-0.5791000000000004,924,30.0,1,PASS,within tolerance
129300000,20.0,19.907899999999998,-0.09210000000000207,1023,24.5,2,PASS,within tolerance
129300000,30.0,29.0366,-0.9634,1023,21.5,1,PASS,within tolerance
129300000,40.0,39.4186,-0.5814000000000021,910,18.0,5,PASS,within tolerance
129300000,50.0,49.8394,-0.1606000000000023,917,16.0,2,PASS,within tolerance
129300000,60.0,59.6721,-0.32789999999999964,896,14.0,1,PASS,within tolerance
129300000,70.0,70.1758,0.1757999999999953,919,13.0,1,PASS,within tolerance
129300000,80.0,79.1514,-0.8486000000000047,877,11.5,1,PASS,within tolerance
129300000,90.0,90.4675,0.46750000000000114,890,10.5,1,PASS,within tolerance
129300000,100.0,99.6226,-0.3773999999999944,867,9.5,1,PASS,within tolerance
129400000,10.0,9.6846,-0.31540000000000035,924,30.0,1,PASS,within tolerance
129400000,20.0,20.0316,0.03160000000000096,1023,24.5,1,PASS,within tolerance
129400000,30.0,29.4349,-0.565100000000001,1023,21.5,3,PASS,within tolerance
129400000,40.0,40.124100000000006,0.12410000000000565,861,17.5,6,PASS,within tolerance
129400000,50.0,50.6671,0.6670999999999978,917,16.0,1,PASS,within tolerance
129400000,60.0,60.924600000000005,0.9246000000000052,918,14.0,2,PASS,within tolerance
129400000,70.0,69.0068,-0.9932000000000016,919,13.0,1,PASS,within tolerance
129400000,80.0,79.8437,-0.15630000000000166,878,11.5,3,PASS,within tolerance
129400000,90.0,90.5819,0.5819000000000045,890,10.5,1,PASS,within tolerance
129400000,100.0,99.8299,-0.17010000000000502,867,9.5,1,PASS,within tolerance
129500000,10.0,9.926,-0.07399999999999984,924,30.0,1,PASS,within tolerance
129500000,20.0,20.3501,0.3501000000000012,1023,24.5,1,PASS,within tolerance
129500000,30.0,29.1055,-0.8945000000000007,1023,21.5,5,PASS,within tolerance
129500000,40.0,39.906,-0.0940000000000012,861,17.5,1,PASS,within tolerance
129500000,50.0,49.787,-0.21300000000000097,917,16.0,1,PASS,within tolerance
129500000,60.0,59.6219,-0.37810000000000343,899,14.0,2,PASS,within tolerance
129500000,70.0,69.5475,-0.45250000000000057,919,13.0,1,PASS,within tolerance
129500000,80.0,79.054,-0.945999999999998,878,11.5,1,PASS,within tolerance
129500000,90.0,90.16000000000001,0.1600000000000108,898,10.5,4,PASS,within tolerance
129500000,100.0,99.9939,-0.006100000000003547,867,9.5,1,PASS,within tolerance
129600000,10.0,9.9091,-0.09089999999999954,924,30.0,1,PASS,within tolerance
129600000,20.0,20.1058,0.10579999999999856,1023,24.5,1,PASS,within tolerance
129600000,30.0,30.9199,0.9198999999999984,1023,21.0,2,PASS,within tolerance
129600000,40.0,40.04280000000001,0.04280000000000683,861,17.5,1,PASS,within tolerance
129600000,50.0,50.6223,0.6223000000000027,917,16.0,1,PASS,within tolerance
129600000,60.0,59.3548,-0.6452000000000027,899,14.0,1,PASS,within tolerance
129600000,70.0,69.87100000000001,-0.12899999999999068,919,13.0,1,PASS,within tolerance
129600000,80.0,80.1241,0.12409999999999854,893,11.5,2,PASS,within tolerance
129600000,90.0,90.1356,0.1355999999999966,898,10.5,1,PASS,within tolerance
129600000,100.0,99.42009999999999,-0.5799000000000092,867,9.5,1,PASS,within tolerance
129700000,10.0,9.5979,-0.4021000000000008,924,30.0,1,PASS,within tolerance
129700000,20.0,20.4371,0.43710000000000093,1023,24.5,1,PASS,within tolerance
129700000,30.0,30.7868,0.7867999999999995,1023,21.0,1,PASS,within tolerance
129700000,40.0,40.1334,0.13340000000000174,861,17.5,1,PASS,within tolerance
129700000,50.0,50.2924,0.29240000000000066,917,16.0,1,PASS,within tolerance
129700000,60.0,59.259,-0.7409999999999997,899,14.0,1,PASS,within tolerance
129700000,70.0,70.0705,0.07049999999999557,919,13.0,1,PASS,within tolerance
129700000,80.0,79.4161,-0.5838999999999999,893,11.5,1,PASS,within tolerance
129700000,90.0,89.6656,-0.33440000000000225,898,10.5,1,PASS,within tolerance
129700000,100.0,100.8435,0.8435000000000059,877,9.5,2,PASS,within tolerance
129800000,10.0,10.5748,0.5747999999999998,924,30.0,1,PASS,within tolerance
129800000,20.0,20.8457,0.8457000000000008,1023,24.5,1,PASS,within tolerance
129800000,30.0,30.1351,0.13510000000000133,1023,21.0,1,PASS,within tolerance
129800000,40.0,39.2182,-0.7817999999999969,861,17.5,1,PASS,within tolerance
129800000,50.0,49.321600000000004,-0.6783999999999963,899,16.0,2,PASS,within tolerance
129800000,60.0,60.1726,0.17260000000000275,899,14.0,1,PASS,within tolerance
129800000,70.0,69.4182,-0.5818000000000012,919,13.0,1,PASS,within tolerance
129800000,80.0,80.5874,0.5874000000000024,893,11.5,1,PASS,within tolerance
129800000,90.0,90.3877,0.38769999999999527,898,10.5,1,PASS,within tolerance
129800000,100.0,100.5097,0.5096999999999952,877,9.5,1,PASS,within tolerance
129900000,10.0,10.6171,0.6171000000000006,924,29.0,2,PASS,within tolerance
129900000,20.0,20.9024,0.9024000000000001,1023,24.5,1,PASS,within tolerance
129900000,30.0,30.5718,0.5717999999999996,1023,21.0,1,PASS,within tolerance
129900000,40.0,40.7373,0.7372999999999976,861,17.5,1,PASS,within tolerance
129900000,50.0,49.6825,-0.31750000000000256,899,16.0,1,PASS,within tolerance
129900000,60.0,59.025099999999995,-0.9749000000000052,899,14.0,1,PASS,within tolerance
129900000,70.0,69.76559999999999,-0.23440000000000794,919,13.0,1,PASS,within tolerance
129900000,80.0,79.9748,-0.025199999999998113,893,11.5,1,PASS,within tolerance
129900000,90.0,90.8518,0.8517999999999972,898,10.5,1,PASS,within tolerance
129900000,100.0,100.35629999999999,0.3562999999999903,877,9.5,1,PASS,within tolerance
130000000,10.0,10.3948,0.39480000000000004,924,29.0,1,PASS,within tolerance
130000000,20.0,20.4072,0.40719999999999956,1023,24.5,1,PASS,within tolerance
130000000,30.0,31.0,1.0,1023,21.0,1,PASS,within tolerance
130000000,40.0,39.8917,-0.10829999999999984,861,17.5,1,PASS,within tolerance
130000000,50.0,50.2278,0.227800000000002,918,16.0,2,PASS,within tolerance
130000000,60.0,60.030899999999995,0.030899999999995487,916,14.0,2,PASS,within tolerance
130000000,70.0,70.3077,0.307699999999997,933,13.0,2,PASS,within tolerance
130000000,80.0,79.49000000000001,-0.5099999999999909,893,11.5,1,PASS,within tolerance
130000000,90.0,89.885,-0.11499999999999488,898,10.5,1,PASS,within tolerance
130000000,100.0,100.9072,0.9072000000000031,880,9.5,3,PASS,within tolerance
